#
# There is insufficient memory for the Java Runtime Environment to continue.
# Native memory allocation (malloc) failed to allocate 1088816 bytes. Error detail: Chunk::new
# Possible reasons:
#   The system is out of physical RAM or swap space
#   This process is running with CompressedOops enabled, and the Java Heap may be blocking the growth of the native heap
# Possible solutions:
#   Reduce memory load on the system
#   Increase physical memory or swap space
#   Check if swap backing store is full
#   Decrease Java heap size (-Xmx/-Xms)
#   Decrease number of Java threads
#   Decrease Java thread stack sizes (-Xss)
#   Set larger code cache with -XX:ReservedCodeCacheSize=
#   JVM is running with Unscaled Compressed Oops mode in which the Java heap is
#     placed in the first 4GB address space. The Java Heap base address is the
#     maximum limit for the native heap growth. Please use -XX:HeapBaseMinAddress
#     to set the Java Heap base and to place the Java Heap above 4GB virtual address.
# This output file may be truncated or incomplete.
#
#  Out of Memory Error (arena.cpp:168), pid=44400, tid=31012
#
# JRE version: OpenJDK Runtime Environment JBR-21.0.6+9-895.109-jcef (21.0.6+9) (build 21.0.6+9-b895.109)
# Java VM: OpenJDK 64-Bit Server VM JBR-21.0.6+9-895.109-jcef (21.0.6+9-b895.109, mixed mode, sharing, tiered, compressed oops, compressed class ptrs, g1 gc, windows-amd64)
# No core dump will be written. Minidumps are not enabled by default on client versions of Windows
#

---------------  S U M M A R Y ------------

Command Line: abort vfprintf -XX:ErrorFile=C:\Users\荣耀\java_error_in_rider_%p.log -XX:HeapDumpPath=C:\Users\荣耀\java_error_in_rider.hprof -Xms128m -Xmx2048m -XX:ReservedCodeCacheSize=512m -XX:+HeapDumpOnOutOfMemoryError -XX:-OmitStackTraceInFastThrow -XX:CICompilerCount=2 -XX:+IgnoreUnrecognizedVMOptions -XX:+UnlockDiagnosticVMOptions -XX:TieredOldPercentage=100000 -ea -Dsun.io.useCanonCaches=false -Dsun.java2d.metal=true -Djbr.catch.SIGABRT=true -Djdk.http.auth.tunneling.disabledSchemes="" -Djdk.attach.allowAttachSelf=true -Djdk.module.illegalAccess.silent=true -Djdk.nio.maxCachedBufferSize=2097152 -Djava.util.zip.use.nio.for.zip.file.access=true -Dkotlinx.coroutines.debug=off -Dllm.show.ai.promotion.window.on.start=false -Xms128m -Xmx1024m -XX:ReservedCodeCacheSize=512m -XX:+IgnoreUnrecognizedVMOptions -XX:+UseG1GC -XX:SoftRefLRUPolicyMSPerMB=50 -XX:CICompilerCount=2 -XX:+HeapDumpOnOutOfMemoryError -XX:-OmitStackTraceInFastThrow -ea -Dsun.io.useCanonCaches=false -Djdk.http.auth.tunneling.disabledSchemes="" -Djdk.attach.allowAttachSelf=true -Djdk.module.illegalAccess.silent=true -Dkotlinx.coroutines.debug=off -XX:ErrorFile=$USER_HOME/java_error_in_idea_%p.log -XX:HeapDumpPath=$USER_HOME/java_error_in_idea.hprof --add-opens=java.base/jdk.internal.org.objectweb.asm=ALL-UNNAMED --add-opens=java.base/jdk.internal.org.objectweb.asm.tree=ALL-UNNAMED -javaagent:D:\rider\win2024\ja-netfilter.jar=jetbrains -Djb.vmOptionsFile=D:\rider\win2024\vmoptions\rider.vmoptions -Xbootclasspath/a:D:\rider\JetBrains Rider 2025.1.2/lib/nio-fs.jar -Djava.system.class.loader=com.intellij.util.lang.PathClassLoader -Didea.vendor.name=JetBrains -Didea.paths.selector=Rider2025.1 -Djna.boot.library.path=D:\rider\JetBrains Rider 2025.1.2/lib/jna/amd64 -Djna.nosys=true -Djna.noclasspath=true -Dpty4j.preferred.native.folder=D:\rider\JetBrains Rider 2025.1.2/lib/pty4j -Dio.netty.allocator.type=pooled -Dintellij.platform.runtime.repository.path=D:\rider\JetBrains Rider 2025.1.2/modules/module-descriptors.jar -Didea.platform.prefix=Rider -Dwsl.use.remote.agent.for.nio.filesystem=true -Djava.nio.file.spi.DefaultFileSystemProvider=com.intellij.platform.core.nio.fs.MultiRoutingFileSystemProvider -Dide.native.launcher=true -Didea.class.before.app=com.jetbrains.rider.protocol.EarlyBackendStarter -Didea.show.customize.ide.wizard=true -DFilePageCache.THROW_ERROR_ON_DUPLICATE_STORAGE_REGISTRATION=false -Dsplash=true -Daether.connector.resumeDownloads=false -Dcompose.swing.render.on.graphics=true --add-opens=java.base/java.io=ALL-UNNAMED --add-opens=java.base/java.lang=ALL-UNNAMED --add-opens=java.base/java.lang.ref=ALL-UNNAMED --add-opens=java.base/java.lang.reflect=ALL-UNNAMED --add-opens=java.base/java.net=ALL-UNNAMED --add-opens=java.base/java.nio=ALL-UNNAMED --add-opens=java.base/java.nio.charset=ALL-UNNAMED --add-opens=java.base/java.text=ALL-UNNAMED --add-opens=java.base/java.time=ALL-UNNAMED --add-opens=java.base/java.util=ALL-UNNAMED --add-opens=java.base/java.util.concurrent=ALL-UNNAMED --add-opens=java.base/java.util.concurrent.atomic=ALL-UNNAMED --add-opens=java.base/java.util.concurrent.locks=ALL-UNNAMED --add-opens=java.base/jdk.internal.vm=ALL-UNNAMED --add-opens=java.base/sun.net.dns=ALL-UNNAMED --add-opens=java.base/sun.nio.ch=ALL-UNNAMED --add-opens=java.base/sun.nio.fs=ALL-UNNAMED --add-opens=java.base/sun.security.ssl=ALL-UNNAMED --add-opens=java.base/sun.security.util=ALL-UNNAMED --add-opens=java.desktop/com.sun.java.swing=ALL-UNNAMED --add-opens=java.desktop/java.awt=ALL-UNNAMED --add-opens=java.desktop/java.awt.dnd.peer=ALL-UNNAMED --add-opens=java.desktop/java.awt.event=ALL-UNNAMED --add-opens=java.desktop/java.awt.font=ALL-UNNAMED --add-opens=java.desktop/java.awt.image=ALL-UNNAMED --add-opens=java.desktop/java.awt.peer=ALL-UNNAMED --add-opens=java.desktop/javax.swing=ALL-UNNAMED --add-opens=java.desktop/javax.swing.plaf.basic=ALL-UNNAMED --add-opens=java.desktop/javax.swing.text=ALL-UNNAMED --add-opens=java.desktop/javax.swing.text.html=ALL-UNNAMED --add-opens=java.desktop/sun.awt=ALL-UNNAMED --add-opens=java.desktop/sun.awt.datatransfer=ALL-UNNAMED --add-opens=java.desktop/sun.awt.image=ALL-UNNAMED --add-opens=java.desktop/sun.awt.windows=ALL-UNNAMED --add-opens=java.desktop/sun.font=ALL-UNNAMED --add-opens=java.desktop/sun.java2d=ALL-UNNAMED --add-opens=java.desktop/sun.swing=ALL-UNNAMED --add-opens=java.management/sun.management=ALL-UNNAMED --add-opens=jdk.attach/sun.tools.attach=ALL-UNNAMED --add-opens=jdk.compiler/com.sun.tools.javac.api=ALL-UNNAMED --add-opens=jdk.internal.jvmstat/sun.jvmstat.monitor=ALL-UNNAMED --add-opens=jdk.jdi/com.sun.tools.jdi=ALL-UNNAMED -Dide.native.launcher=true -Djcef.sandbox.ptr=000002905F890540 -Djcef.sandbox.cefVersion=122.1.9+gd14e051+chromium-122.0.6261.94 com.intellij.idea.Main D:\forkTemp\YFramework\client\client.sln --line -1 --column -1 D:\forkTemp\YFramework\client\Assets\Scripts\GamePlay\Player\PetEntity.cs

Host: Intel(R) Core(TM) i5-10300H CPU @ 2.50GHz, 8 cores, 15G,  Windows 11 , 64 bit Build 26100 (10.0.26100.7309)
Time: Fri Jan  2 02:19:22 2026  Windows 11 , 64 bit Build 26100 (10.0.26100.7309) elapsed time: 41133.529248 seconds (0d 11h 25m 33s)

---------------  T H R E A D  ---------------

Current thread (0x000002906a27ffe0):  JavaThread "C2 CompilerThread0" daemon [_thread_in_native, id=31012, stack(0x000000de89b00000,0x000000de89c00000) (1024K)]


Current CompileTask:
C2:41133529 284054       4       ai.grazie.nlp.patterns.ExtensionsKt::replace (245 bytes)

Stack: [0x000000de89b00000,0x000000de89c00000]
Native frames: (J=compiled Java code, j=interpreted, Vv=VM code, C=native code)
V  [jvm.dll+0x6e5cb9]
V  [jvm.dll+0x8c4113]
V  [jvm.dll+0x8c666e]
V  [jvm.dll+0x8c6d53]
V  [jvm.dll+0x288f76]
V  [jvm.dll+0xc66dd]
V  [jvm.dll+0xc6c13]
V  [jvm.dll+0x3c46e1]
V  [jvm.dll+0x3902f7]
V  [jvm.dll+0x38f76a]
V  [jvm.dll+0x2507c2]
V  [jvm.dll+0x24fd91]
V  [jvm.dll+0x1cd6c4]
V  [jvm.dll+0x25f60c]
V  [jvm.dll+0x25db56]
V  [jvm.dll+0x3ff796]
V  [jvm.dll+0x86bc68]
V  [jvm.dll+0x6e44bd]
C  [ucrtbase.dll+0x37b0]
C  [KERNEL32.DLL+0x2e8d7]
C  [ntdll.dll+0x8c53c]


---------------  P R O C E S S  ---------------

Threads class SMR info:
_java_thread_list=0x0000029182ea45f0, length=131, elements={
0x000002905f8b76d0, 0x000002906a271a30, 0x000002906a272680, 0x000002906a276380,
0x000002906a276dd0, 0x000002906a277820, 0x000002906a27b1c0, 0x000002906a27ffe0,
0x000002906a280a70, 0x000002906a254520, 0x00000290de59f540, 0x00000290df1d1290,
0x00000290df1d1920, 0x00000290df1d2640, 0x00000290dfaf6fc0, 0x00000290dfafaad0,
0x00000290dfaf8a00, 0x00000290dfafcba0, 0x00000290e056e1c0, 0x00000290e056eee0,
0x00000290e056f570, 0x000002902942cff0, 0x000002902942ea30, 0x000002902942fde0,
0x0000029028fc98f0, 0x000002902afcd520, 0x00000291030bf540, 0x000002910e5923a0,
0x000002906a610dd0, 0x000002906a60fa20, 0x000002906a613530, 0x000002906a4764f0,
0x000002906a477210, 0x00000290e056ce10, 0x00000291223a4c10, 0x0000029124e983a0,
0x0000029124e99de0, 0x0000029127a40460, 0x00000291286c1fa0, 0x00000291286a4db0,
0x00000291286a4720, 0x00000291286ad780, 0x00000291286ad0f0, 0x000002913b6a5130,
0x000002913b6a1cb0, 0x000002913b6a7890, 0x000002913b6a7200, 0x000002913b69a000,
0x000002913b696b80, 0x000002913b69b3b0, 0x000002913b6b08f0, 0x00000291446cd4b0,
0x00000291446d0930, 0x00000291446d0fc0, 0x00000291446ce860, 0x00000291446d1ce0,
0x00000291446d6ba0, 0x00000291446d7230, 0x00000291446d4ad0, 0x00000291446d3db0,
0x00000291446d5160, 0x00000291446d78c0, 0x000002914f4b87c0, 0x000002914f4b7aa0,
0x000002914f4b6060, 0x000002914f4bb5b0, 0x000002914f4bc2d0, 0x000002914f4bcff0,
0x000002914f4bdd10, 0x000002914f4c8120, 0x0000029155877d60, 0x0000029155878a80,
0x000002915587d940, 0x000002915586c5a0, 0x0000029155869120, 0x000002915586cc30,
0x000002915586ed00, 0x00000291558869a0, 0x00000291558648f0, 0x0000029155894f50,
0x0000029155895c70, 0x0000029155892e80, 0x000002914f4c59c0, 0x000002914f4c66e0,
0x000002914f4c3f80, 0x000002914f4c9b60, 0x000002914f4ca1f0, 0x000002915b061880,
0x000002915b075380, 0x000002915b073940, 0x000002915b079bb0, 0x0000029162759aa0,
0x0000029162756620, 0x000002916273cf40, 0x000002916273e2f0, 0x000002915b082580,
0x0000029162752480, 0x0000029167585200, 0x00000291675865b0, 0x000002916757ef90,
0x000002916757e270, 0x00000291675479a0, 0x00000291675493e0, 0x0000029169929820,
0x000002913df4bc90, 0x0000029162be7700, 0x000002916275e960, 0x0000029162be8420,
0x0000029148831060, 0x0000029162745fa0, 0x0000029148db64d0, 0x000002913e95b140,
0x000002913e959070, 0x0000029149f0a160, 0x0000029162749420, 0x0000029162747350,
0x00000291496984d0, 0x00000291801a0910, 0x0000029169929eb0, 0x0000029147fa39c0,
0x0000029149697e40, 0x000002916275b4e0, 0x0000029149698b60, 0x00000291480cac20,
0x000002917aa6cc80, 0x000002913e2a6dd0, 0x00000291801a0fa0, 0x00000291686c5c30,
0x0000029162766ca0, 0x00000291627679c0, 0x0000029162768d70
}

Java Threads: ( => current thread )
  0x000002905f8b76d0 JavaThread "main"                              [_thread_blocked, id=44784, stack(0x000000de88c00000,0x000000de88e00000) (2048K)]
  0x000002906a271a30 JavaThread "Reference Handler"          daemon [_thread_blocked, id=3664, stack(0x000000de89500000,0x000000de89600000) (1024K)]
  0x000002906a272680 JavaThread "Finalizer"                  daemon [_thread_blocked, id=38056, stack(0x000000de89600000,0x000000de89700000) (1024K)]
  0x000002906a276380 JavaThread "Signal Dispatcher"          daemon [_thread_blocked, id=17376, stack(0x000000de89700000,0x000000de89800000) (1024K)]
  0x000002906a276dd0 JavaThread "Attach Listener"            daemon [_thread_blocked, id=30588, stack(0x000000de89800000,0x000000de89900000) (1024K)]
  0x000002906a277820 JavaThread "Service Thread"             daemon [_thread_blocked, id=26780, stack(0x000000de89900000,0x000000de89a00000) (1024K)]
  0x000002906a27b1c0 JavaThread "Monitor Deflation Thread"   daemon [_thread_blocked, id=12432, stack(0x000000de89a00000,0x000000de89b00000) (1024K)]
=>0x000002906a27ffe0 JavaThread "C2 CompilerThread0"         daemon [_thread_in_native, id=31012, stack(0x000000de89b00000,0x000000de89c00000) (1024K)]
  0x000002906a280a70 JavaThread "C1 CompilerThread0"         daemon [_thread_blocked, id=1200, stack(0x000000de89c00000,0x000000de89d00000) (1024K)]
  0x000002906a254520 JavaThread "Common-Cleaner"             daemon [_thread_blocked, id=46044, stack(0x000000de89d00000,0x000000de89e00000) (1024K)]
  0x00000290de59f540 JavaThread "Notification Thread"        daemon [_thread_blocked, id=38460, stack(0x000000de89e00000,0x000000de89f00000) (1024K)]
  0x00000290df1d1290 JavaThread "Java2D Disposer"            daemon [_thread_blocked, id=2500, stack(0x000000de8ae00000,0x000000de8af00000) (1024K)]
  0x00000290df1d1920 JavaThread "AWT-Shutdown"                      [_thread_blocked, id=20540, stack(0x000000de8af00000,0x000000de8b000000) (1024K)]
  0x00000290df1d2640 JavaThread "AWT-Windows"                daemon [_thread_in_native, id=27728, stack(0x000000de8b000000,0x000000de8b100000) (1024K)]
  0x00000290dfaf6fc0 JavaThread "External Command Listener"  daemon [_thread_in_native, id=15668, stack(0x000000de8b100000,0x000000de8b200000) (1024K)]
  0x00000290dfafaad0 JavaThread "kotlinx.coroutines.DefaultExecutor" daemon [_thread_blocked, id=45840, stack(0x000000de8b300000,0x000000de8b400000) (1024K)]
  0x00000290dfaf8a00 JavaThread "AWT-EventQueue-0"                  [_thread_blocked, id=25960, stack(0x000000de8b400000,0x000000de8b500000) (1024K)]
  0x00000290dfafcba0 JavaThread "Kernel event loop thread bdeejh93d19cbhrvoqn5" daemon [_thread_blocked, id=31064, stack(0x000000de8ba00000,0x000000de8bb00000) (1024K)]
  0x00000290e056e1c0 JavaThread "EarlyStartServerWire/Sender" daemon [_thread_blocked, id=15972, stack(0x000000de8be00000,0x000000de8bf00000) (1024K)]
  0x00000290e056eee0 JavaThread "EarlyStartServerWire"       daemon [_thread_in_native, id=27188, stack(0x000000de8bf00000,0x000000de8c000000) (1024K)]
  0x00000290e056f570 JavaThread "SerializersBackgroundRegistrar" daemon [_thread_blocked, id=41064, stack(0x000000de8c000000,0x000000de8c100000) (1024K)]
  0x000002902942cff0 JavaThread "Program"                           [_thread_in_native, id=44688, stack(0x000000de8c100000,0x000000de8c200000) (1024K)]
  0x000002902942ea30 JavaThread "BaseDataReader: output stream of Program"        [_thread_in_native, id=15680, stack(0x000000de8c200000,0x000000de8c300000) (1024K)]
  0x000002902942fde0 JavaThread "BaseDataReader: error stream of Program"        [_thread_in_native, id=47836, stack(0x000000de8c300000,0x000000de8c400000) (1024K)]
  0x0000029028fc98f0 JavaThread "PeriodicMetricReader"       daemon [_thread_blocked, id=41056, stack(0x000000de8c700000,0x000000de8c800000) (1024K)]
  0x000002902afcd520 JavaThread "Coroutines Debugger Cleaner" daemon [_thread_blocked, id=13860, stack(0x000000de8c800000,0x000000de8c900000) (1024K)]
  0x00000291030bf540 JavaThread "Periodic tasks thread"      daemon [_thread_blocked, id=19044, stack(0x000000de8c900000,0x000000de8ca00000) (1024K)]
  0x000002910e5923a0 JavaThread "JNA Cleaner"                daemon [_thread_blocked, id=41116, stack(0x000000de8cb00000,0x000000de8cc00000) (1024K)]
  0x000002906a610dd0 JavaThread "fsnotifier.exe"                    [_thread_in_native, id=3704, stack(0x000000de8d100000,0x000000de8d200000) (1024K)]
  0x000002906a60fa20 JavaThread "BaseDataReader: output stream of fsnotifier.exe"        [_thread_in_native, id=33348, stack(0x000000de8d200000,0x000000de8d300000) (1024K)]
  0x000002906a613530 JavaThread "BaseDataReader: error stream of fsnotifier.exe"        [_thread_in_native, id=33088, stack(0x000000de8d300000,0x000000de8d400000) (1024K)]
  0x000002906a4764f0 JavaThread "pool-4-thread-1"                   [_thread_blocked, id=8960, stack(0x000000de8b500000,0x000000de8b600000) (1024K)]
  0x000002906a477210 JavaThread "BackgroundScheduler"        daemon [_thread_blocked, id=17808, stack(0x000000de8bb00000,0x000000de8bc00000) (1024K)]
  0x00000290e056ce10 JavaThread "TimerQueue"                 daemon [_thread_blocked, id=2860, stack(0x000000de8bc00000,0x000000de8bd00000) (1024K)]
  0x00000291223a4c10 JavaThread "Netty Builtin Server 1"     daemon [_thread_in_native, id=34824, stack(0x000000de8d500000,0x000000de8d600000) (1024K)]
  0x0000029124e983a0 JavaThread "DefaultDispatcher-worker-16" daemon [_thread_blocked, id=25396, stack(0x000000de8d800000,0x000000de8d900000) (1024K)]
  0x0000029124e99de0 JavaThread "Jndi-Dns-address-change-listener" daemon [_thread_in_native, id=5840, stack(0x000000de8d900000,0x000000de8da00000) (1024K)]
  0x0000029127a40460 JavaThread "DefaultDispatcher-worker-17" daemon [_thread_blocked, id=44368, stack(0x000000de8de00000,0x000000de8df00000) (1024K)]
  0x00000291286c1fa0 JavaThread "DefaultDispatcher-worker-18" daemon [_thread_blocked, id=38328, stack(0x000000de8df00000,0x000000de8e000000) (1024K)]
  0x00000291286a4db0 JavaThread "worker1"                           [_thread_blocked, id=43652, stack(0x000000de8e200000,0x000000de8e300000) (1024K)]
  0x00000291286a4720 JavaThread "worker2"                           [_thread_blocked, id=36268, stack(0x000000de8e300000,0x000000de8e400000) (1024K)]
  0x00000291286ad780 JavaThread "DefaultDispatcher-worker-7" daemon [_thread_blocked, id=36784, stack(0x000000de8e700000,0x000000de8e800000) (1024K)]
  0x00000291286ad0f0 JavaThread "Timer-0"                           [_thread_blocked, id=17700, stack(0x000000de8ee00000,0x000000de8ef00000) (1024K)]
  0x000002913b6a5130 JavaThread "worker3"                           [_thread_blocked, id=18212, stack(0x000000de8f300000,0x000000de8f400000) (1024K)]
  0x000002913b6a1cb0 JavaThread "worker4"                           [_thread_blocked, id=20780, stack(0x000000de8f400000,0x000000de8f500000) (1024K)]
  0x000002913b6a7890 JavaThread "worker5"                           [_thread_blocked, id=23264, stack(0x000000de8f500000,0x000000de8f600000) (1024K)]
  0x000002913b6a7200 JavaThread "worker6"                           [_thread_blocked, id=16432, stack(0x000000de8f600000,0x000000de8f700000) (1024K)]
  0x000002913b69a000 JavaThread "worker7"                           [_thread_blocked, id=17044, stack(0x000000de8f700000,0x000000de8f800000) (1024K)]
  0x000002913b696b80 JavaThread "worker8"                           [_thread_blocked, id=4264, stack(0x000000de8f800000,0x000000de8f900000) (1024K)]
  0x000002913b69b3b0 JavaThread "WorkspaceModelUpdater"      daemon [_thread_blocked, id=11048, stack(0x000000de8f900000,0x000000de8fa00000) (1024K)]
  0x000002913b6b08f0 JavaThread "Windows Shell integration"  daemon [_thread_blocked, id=45252, stack(0x000000de8fc00000,0x000000de8fd00000) (1024K)]
  0x00000291446cd4b0 JavaThread "DefaultDispatcher-worker-15" daemon [_thread_blocked, id=33456, stack(0x000000de90000000,0x000000de90100000) (1024K)]
  0x00000291446d0930 JavaThread "DefaultDispatcher-worker-14" daemon [_thread_blocked, id=41704, stack(0x000000de90400000,0x000000de90500000) (1024K)]
  0x00000291446d0fc0 JavaThread "DefaultDispatcher-worker-22" daemon [_thread_blocked, id=25012, stack(0x000000de90500000,0x000000de90600000) (1024K)]
  0x00000291446ce860 JavaThread "DefaultDispatcher-worker-8" daemon [_thread_blocked, id=45268, stack(0x000000de90a00000,0x000000de90b00000) (1024K)]
  0x00000291446d1ce0 JavaThread "DefaultDispatcher-worker-5" daemon [_thread_blocked, id=45372, stack(0x000000de90b00000,0x000000de90c00000) (1024K)]
  0x00000291446d6ba0 JavaThread "DefaultDispatcher-worker-20" daemon [_thread_blocked, id=26260, stack(0x000000de91000000,0x000000de91100000) (1024K)]
  0x00000291446d7230 JavaThread "DefaultDispatcher-worker-10" daemon [_thread_blocked, id=12164, stack(0x000000de91100000,0x000000de91200000) (1024K)]
  0x00000291446d4ad0 JavaThread "DefaultDispatcher-worker-3" daemon [_thread_blocked, id=10928, stack(0x000000de91200000,0x000000de91300000) (1024K)]
  0x00000291446d3db0 JavaThread "DefaultDispatcher-worker-12" daemon [_thread_blocked, id=27636, stack(0x000000de91300000,0x000000de91400000) (1024K)]
  0x00000291446d5160 JavaThread "DefaultDispatcher-worker-1" daemon [_thread_blocked, id=30472, stack(0x000000de91400000,0x000000de91500000) (1024K)]
  0x00000291446d78c0 JavaThread "DefaultDispatcher-worker-6" daemon [_thread_blocked, id=16132, stack(0x000000de91500000,0x000000de91600000) (1024K)]
  0x000002914f4b87c0 JavaThread "DefaultDispatcher-worker-13" daemon [_thread_blocked, id=44492, stack(0x000000de91b00000,0x000000de91c00000) (1024K)]
  0x000002914f4b7aa0 JavaThread "DefaultDispatcher-worker-21" daemon [_thread_blocked, id=24012, stack(0x000000de91f00000,0x000000de92000000) (1024K)]
  0x000002914f4b6060 JavaThread "DefaultDispatcher-worker-19" daemon [_thread_blocked, id=35072, stack(0x000000de92200000,0x000000de92300000) (1024K)]
  0x000002914f4bb5b0 JavaThread "DefaultDispatcher-worker-4" daemon [_thread_blocked, id=28188, stack(0x000000de92600000,0x000000de92700000) (1024K)]
  0x000002914f4bc2d0 JavaThread "DefaultDispatcher-worker-11" daemon [_thread_blocked, id=32820, stack(0x000000de92800000,0x000000de92900000) (1024K)]
  0x000002914f4bcff0 JavaThread "DefaultDispatcher-worker-9" daemon [_thread_blocked, id=26944, stack(0x000000de92c00000,0x000000de92d00000) (1024K)]
  0x000002914f4bdd10 JavaThread "DefaultDispatcher-worker-2" daemon [_thread_blocked, id=32372, stack(0x000000de92d00000,0x000000de92e00000) (1024K)]
  0x000002914f4c8120 JavaThread "JVMResponsivenessMonitor"   daemon [_thread_blocked, id=47756, stack(0x000000de93600000,0x000000de93700000) (1024K)]
  0x0000029155877d60 JavaThread "Netty Station Client 1-1"   daemon [_thread_in_native, id=20012, stack(0x000000de8e100000,0x000000de8e200000) (1024K)]
  0x0000029155878a80 JavaThread "InlineEditActionProcessor-Thread"        [_thread_blocked, id=22712, stack(0x000000de93700000,0x000000de93800000) (1024K)]
  0x000002915587d940 JavaThread "Netty Station Server 1-1"   daemon [_thread_in_native, id=21916, stack(0x000000de93c00000,0x000000de93d00000) (1024K)]
  0x000002915586c5a0 JavaThread "IdIndex Writer #0"                 [_thread_blocked, id=43060, stack(0x000000de94200000,0x000000de94300000) (1024K)]
  0x0000029155869120 JavaThread "Trigram.Index Writer #1"           [_thread_blocked, id=38344, stack(0x000000de94300000,0x000000de94400000) (1024K)]
  0x000002915586cc30 JavaThread "Stubs Writer #2"                   [_thread_blocked, id=43948, stack(0x000000de94400000,0x000000de94500000) (1024K)]
  0x000002915586ed00 JavaThread "Aux Index Writer #1"               [_thread_blocked, id=43484, stack(0x000000de94500000,0x000000de94600000) (1024K)]
  0x00000291558869a0 JavaThread "Netty Station Client 1-2"   daemon [_thread_in_native, id=46508, stack(0x000000de94700000,0x000000de94800000) (1024K)]
  0x00000291558648f0 JavaThread "Thread-89"                  daemon [_thread_in_native, id=28784, stack(0x000000de94100000,0x000000de94200000) (1024K)]
  0x0000029155894f50 JavaThread "WebSocketClient-AsyncIO-1"  daemon [_thread_in_native, id=42092, stack(0x000000de94800000,0x000000de94900000) (1024K)]
  0x0000029155895c70 JavaThread "WebSocketClient-AsyncIO-2"  daemon [_thread_in_native, id=23164, stack(0x000000de94900000,0x000000de94a00000) (1024K)]
  0x0000029155892e80 JavaThread "WebSocketClient-AsyncIO-3"  daemon [_thread_in_native, id=25908, stack(0x000000de94a00000,0x000000de94b00000) (1024K)]
  0x000002914f4c59c0 JavaThread "WebSocketClient-AsyncIO-4"  daemon [_thread_in_native, id=37132, stack(0x000000de94b00000,0x000000de94c00000) (1024K)]
  0x000002914f4c66e0 JavaThread "WebSocketClient-AsyncIO-5"  daemon [_thread_in_native, id=45576, stack(0x000000de94c00000,0x000000de94d00000) (1024K)]
  0x000002914f4c3f80 JavaThread "WebSocketClient-AsyncIO-6"  daemon [_thread_in_native, id=21852, stack(0x000000de94d00000,0x000000de94e00000) (1024K)]
  0x000002914f4c9b60 JavaThread "WebSocketClient-AsyncIO-7"  daemon [_thread_in_native, id=31112, stack(0x000000de94e00000,0x000000de94f00000) (1024K)]
  0x000002914f4ca1f0 JavaThread "WebSocketClient-AsyncIO-8"  daemon [_thread_in_native, id=37252, stack(0x000000de94f00000,0x000000de95000000) (1024K)]
  0x000002915b061880 JavaThread "Thread-98"                         [_thread_in_native, id=24188, stack(0x000000de8dd00000,0x000000de8de00000) (1024K)]
  0x000002915b075380 JavaThread "WebSocket background processing" daemon [_thread_blocked, id=39256, stack(0x000000de95500000,0x000000de95600000) (1024K)]
  0x000002915b073940 JavaThread "Thread-100"                        [_thread_blocked, id=18736, stack(0x000000de95600000,0x000000de95700000) (1024K)]
  0x000002915b079bb0 JavaThread "pool-30-thread-1"                  [_thread_blocked, id=43016, stack(0x000000de95d00000,0x000000de95e00000) (1024K)]
  0x0000029162759aa0 JavaThread "index_thread1"                     [_thread_blocked, id=45396, stack(0x000000de96500000,0x000000de96600000) (1024K)]
  0x0000029162756620 JavaThread "index_thread2"                     [_thread_blocked, id=21432, stack(0x000000de96600000,0x000000de96700000) (1024K)]
  0x000002916273cf40 JavaThread "ProtocolInstanceWatcher"           [_thread_blocked, id=36832, stack(0x000000de96700000,0x000000de96800000) (1024K)]
  0x000002916273e2f0 JavaThread "FileSystemWatchService"     daemon [_thread_in_native, id=15528, stack(0x000000de96800000,0x000000de96900000) (1024K)]
  0x000002915b082580 JavaThread "rd throttler"               daemon [_thread_blocked, id=31272, stack(0x000000de88a00000,0x000000de88b00000) (1024K)]
  0x0000029162752480 JavaThread "pool-8-thread-1"                   [_thread_blocked, id=24732, stack(0x000000de96400000,0x000000de96500000) (1024K)]
  0x0000029167585200 JavaThread "Thread-103"                        [_thread_blocked, id=12820, stack(0x000000de88900000,0x000000de88a00000) (1024K)]
  0x00000291675865b0 JavaThread "pool-31-thread-1"                  [_thread_blocked, id=6828, stack(0x000000de8ca00000,0x000000de8cb00000) (1024K)]
  0x000002916757ef90 JavaThread "pool-29-thread-1"                  [_thread_blocked, id=47276, stack(0x000000de8cd00000,0x000000de8ce00000) (1024K)]
  0x000002916757e270 JavaThread "pool-24-thread-1"                  [_thread_blocked, id=38884, stack(0x000000de8ce00000,0x000000de8cf00000) (1024K)]
  0x00000291675479a0 JavaThread "pool-7-thread-1"                   [_thread_blocked, id=37320, stack(0x000000de8ef00000,0x000000de8f000000) (1024K)]
  0x00000291675493e0 JavaThread "pool-28-thread-1"                  [_thread_blocked, id=47164, stack(0x000000de88b00000,0x000000de88c00000) (1024K)]
  0x0000029169929820 JavaThread "pool-23-thread-1"                  [_thread_blocked, id=30324, stack(0x000000de8e600000,0x000000de8e700000) (1024K)]
  0x000002913df4bc90 JavaThread "pool-32-thread-1"                  [_thread_blocked, id=45756, stack(0x000000de8e900000,0x000000de8ea00000) (1024K)]
  0x0000029162be7700 JavaThread "pool-22-thread-1"                  [_thread_blocked, id=12448, stack(0x000000de8f100000,0x000000de8f200000) (1024K)]
  0x000002916275e960 JavaThread "pool-38-thread-1"                  [_thread_blocked, id=8752, stack(0x000000de91e00000,0x000000de91f00000) (1024K)]
  0x0000029162be8420 JavaThread "pool-15-thread-1"                  [_thread_blocked, id=43648, stack(0x000000de90e00000,0x000000de90f00000) (1024K)]
  0x0000029148831060 JavaThread "pool-53-thread-1"                  [_thread_blocked, id=30156, stack(0x000000de8c600000,0x000000de8c700000) (1024K)]
  0x0000029162745fa0 JavaThread "pool-57-thread-1"                  [_thread_blocked, id=31044, stack(0x000000de8c500000,0x000000de8c600000) (1024K)]
  0x0000029148db64d0 JavaThread "JetBrains.ProcessEnumerator.Worker.exe"        [_thread_in_native, id=46884, stack(0x000000de8a100000,0x000000de8a200000) (1024K)]
  0x000002913e95b140 JavaThread "BaseDataReader: error stream of JetBrains.ProcessEnumerator.Worker.exe"        [_thread_blocked, id=38488, stack(0x000000de8b200000,0x000000de8b300000) (1024K)]
  0x000002913e959070 JavaThread "BaseDataReader: output stream of JetBrains.ProcessEnumerator.Worker.exe"        [_thread_blocked, id=8396, stack(0x000000de8b600000,0x000000de8b700000) (1024K)]
  0x0000029149f0a160 JavaThread "com.jetbrains.rider.debugger.attach.processes.MsClrLocalAttachableHolder" daemon [_thread_blocked, id=18116, stack(0x000000de8d400000,0x000000de8d500000) (1024K)]
  0x0000029162749420 JavaThread "FrontendToProcessEnumerator.JetBrains.ProcessEnumerator.Worker.exe/Sender" daemon [_thread_blocked, id=11884, stack(0x000000de8d700000,0x000000de8d800000) (1024K)]
  0x0000029162747350 JavaThread "FrontendToProcessEnumerator.JetBrains.ProcessEnumerator.Worker.exe" daemon [_thread_in_native, id=27876, stack(0x000000de8da00000,0x000000de8db00000) (1024K)]
  0x00000291496984d0 JavaThread "pool-61-thread-1"                  [_thread_blocked, id=21260, stack(0x000000de8db00000,0x000000de8dc00000) (1024K)]
  0x00000291801a0910 JavaThread "pool-68-thread-1"                  [_thread_blocked, id=44684, stack(0x000000de8cf00000,0x000000de8d000000) (1024K)]
  0x0000029169929eb0 JavaThread "ApplicationImpl pooled thread 357"        [_thread_blocked, id=4508, stack(0x000000de8e000000,0x000000de8e100000) (1024K)]
  0x0000029147fa39c0 JavaThread "ApplicationImpl pooled thread 359"        [_thread_blocked, id=13736, stack(0x000000de8e800000,0x000000de8e900000) (1024K)]
  0x0000029149697e40 JavaThread "ApplicationImpl pooled thread 361"        [_thread_blocked, id=45712, stack(0x000000de8dc00000,0x000000de8dd00000) (1024K)]
  0x000002916275b4e0 JavaThread "JobScheduler FJ pool 0/7"   daemon [_thread_blocked, id=34556, stack(0x000000de8a000000,0x000000de8a100000) (1024K)]
  0x0000029149698b60 JavaThread "JobScheduler FJ pool 1/7"   daemon [_thread_blocked, id=30096, stack(0x000000de8a200000,0x000000de8a300000) (1024K)]
  0x00000291480cac20 JavaThread "JobScheduler FJ pool 2/7"   daemon [_thread_blocked, id=11100, stack(0x000000de8a300000,0x000000de8a400000) (1024K)]
  0x000002917aa6cc80 JavaThread "JobScheduler FJ pool 3/7"   daemon [_thread_blocked, id=38252, stack(0x000000de8ab00000,0x000000de8ac00000) (1024K)]
  0x000002913e2a6dd0 JavaThread "JobScheduler FJ pool 4/7"   daemon [_thread_blocked, id=39308, stack(0x000000de8ac00000,0x000000de8ad00000) (1024K)]
  0x00000291801a0fa0 JavaThread "JobScheduler FJ pool 5/7"   daemon [_thread_blocked, id=34232, stack(0x000000de8ad00000,0x000000de8ae00000) (1024K)]
  0x00000291686c5c30 JavaThread "JobScheduler FJ pool 6/7"   daemon [_thread_blocked, id=30056, stack(0x000000de8b700000,0x000000de8b800000) (1024K)]
  0x0000029162766ca0 JavaThread "git.exe"                           [_thread_in_native, id=28544, stack(0x000000de8b800000,0x000000de8b900000) (1024K)]
  0x00000291627679c0 JavaThread "BaseDataReader: git.exe"           [_thread_in_native, id=47776, stack(0x000000de8c400000,0x000000de8c500000) (1024K)]
  0x0000029162768d70 JavaThread "BaseDataReader: git.exe"           [_thread_in_native, id=33488, stack(0x000000de8d000000,0x000000de8d100000) (1024K)]
Total: 131

Other Threads:
  0x000002906a260d90 VMThread "VM Thread"                           [id=7060, stack(0x000000de89400000,0x000000de89500000) (1024K)]
  0x000002906a253530 WatcherThread "VM Periodic Task Thread"        [id=45992, stack(0x000000de89300000,0x000000de89400000) (1024K)]
  0x000002905fe77930 WorkerThread "GC Thread#0"                     [id=30924, stack(0x000000de88e00000,0x000000de88f00000) (1024K)]
  0x00000290df2305b0 WorkerThread "GC Thread#1"                     [id=37200, stack(0x000000de8a400000,0x000000de8a500000) (1024K)]
  0x00000290df1dc820 WorkerThread "GC Thread#2"                     [id=20752, stack(0x000000de8a500000,0x000000de8a600000) (1024K)]
  0x00000290df294ba0 WorkerThread "GC Thread#3"                     [id=6608, stack(0x000000de8a600000,0x000000de8a700000) (1024K)]
  0x00000290df1100a0 WorkerThread "GC Thread#4"                     [id=39744, stack(0x000000de8a700000,0x000000de8a800000) (1024K)]
  0x00000290df4439e0 WorkerThread "GC Thread#5"                     [id=39600, stack(0x000000de8a800000,0x000000de8a900000) (1024K)]
  0x00000290df42d0f0 WorkerThread "GC Thread#6"                     [id=13408, stack(0x000000de8a900000,0x000000de8aa00000) (1024K)]
  0x00000290df42d4e0 WorkerThread "GC Thread#7"                     [id=41756, stack(0x000000de8aa00000,0x000000de8ab00000) (1024K)]
  0x000002905fe7df10 ConcurrentGCThread "G1 Main Marker"            [id=43424, stack(0x000000de88f00000,0x000000de89000000) (1024K)]
  0x000002905fe80020 WorkerThread "G1 Conc#0"                       [id=18096, stack(0x000000de89000000,0x000000de89100000) (1024K)]
  0x00000290df75c800 WorkerThread "G1 Conc#1"                       [id=25808, stack(0x000000de8b900000,0x000000de8ba00000) (1024K)]
  0x000002906a0f5100 ConcurrentGCThread "G1 Refine#0"               [id=37352, stack(0x000000de89100000,0x000000de89200000) (1024K)]
  0x000002906a0f5920 ConcurrentGCThread "G1 Service"                [id=29648, stack(0x000000de89200000,0x000000de89300000) (1024K)]
Total: 15

Threads with active compile tasks:
C2 CompilerThread0  41133578 284054       4       ai.grazie.nlp.patterns.ExtensionsKt::replace (245 bytes)
Total: 1

VM state: not at safepoint (normal execution)

VM Mutex/Monitor currently owned by a thread: None

Heap address: 0x00000000c0000000, size: 1024 MB, Compressed Oops mode: 32-bit

CDS archive(s) mapped at: [0x000002906b000000-0x000002906bd00000-0x000002906bd00000), size 13631488, SharedBaseAddress: 0x000002906b000000, ArchiveRelocationMode: 1.
Compressed class space mapped at: 0x000002906c000000-0x00000290ac000000, reserved size: 1073741824
Narrow klass base: 0x000002906b000000, Narrow klass shift: 0, Narrow klass range: 0x100000000

GC Precious Log:
 CardTable entry size: 512
 Card Set container configuration: InlinePtr #cards 5 size 8 Array Of Cards #cards 12 size 40 Howl #buckets 4 coarsen threshold 1843 Howl Bitmap #cards 512 size 80 coarsen threshold 460 Card regions per heap region 1 cards per card region 2048
 CPUs: 8 total, 8 available
 Memory: 16257M
 Large Page Support: Disabled
 NUMA Support: Disabled
 Compressed Oops: Enabled (32-bit)
 Heap Region Size: 1M
 Heap Min Capacity: 128M
 Heap Initial Capacity: 128M
 Heap Max Capacity: 1G
 Pre-touch: Disabled
 Parallel Workers: 8
 Concurrent Workers: 2
 Concurrent Refinement Workers: 8
 Periodic GC: Disabled

Heap:
 garbage-first heap   total 839680K, used 752423K [0x00000000c0000000, 0x0000000100000000)
  region size 1024K, 307 young (314368K), 11 survivors (11264K)
 Metaspace       used 477363K, committed 484864K, reserved 1507328K
  class space    used 58362K, committed 62144K, reserved 1048576K

Heap Regions: E=young(eden), S=young(survivor), O=old, HS=humongous(starts), HC=humongous(continues), CS=collection set, F=free, TAMS=top-at-mark-start, PB=parsable bottom
|   0|0x00000000c0000000, 0x00000000c0100000, 0x00000000c0100000|100%|HS|  |TAMS 0x00000000c0000000| PB 0x00000000c0000000| Complete 
|   1|0x00000000c0100000, 0x00000000c0200000, 0x00000000c0200000|100%|HS|  |TAMS 0x00000000c0100000| PB 0x00000000c0100000| Complete 
|   2|0x00000000c0200000, 0x00000000c02ffff0, 0x00000000c0300000| 99%| O|  |TAMS 0x00000000c0200000| PB 0x00000000c0200000| Untracked 
|   3|0x00000000c0300000, 0x00000000c0400000, 0x00000000c0400000|100%|HS|  |TAMS 0x00000000c0300000| PB 0x00000000c0300000| Complete 
|   4|0x00000000c0400000, 0x00000000c0500000, 0x00000000c0500000|100%|HC|  |TAMS 0x00000000c0400000| PB 0x00000000c0400000| Complete 
|   5|0x00000000c0500000, 0x00000000c0600000, 0x00000000c0600000|100%|HS|  |TAMS 0x00000000c0500000| PB 0x00000000c0500000| Complete 
|   6|0x00000000c0600000, 0x00000000c0700000, 0x00000000c0700000|100%|HC|  |TAMS 0x00000000c0600000| PB 0x00000000c0600000| Complete 
|   7|0x00000000c0700000, 0x00000000c0800000, 0x00000000c0800000|100%|HS|  |TAMS 0x00000000c0700000| PB 0x00000000c0700000| Complete 
|   8|0x00000000c0800000, 0x00000000c0900000, 0x00000000c0900000|100%|HS|  |TAMS 0x00000000c0800000| PB 0x00000000c0800000| Complete 
|   9|0x00000000c0900000, 0x00000000c0a00000, 0x00000000c0a00000|100%| O|  |TAMS 0x00000000c0900000| PB 0x00000000c0900000| Untracked 
|  10|0x00000000c0a00000, 0x00000000c0b00000, 0x00000000c0b00000|100%| O|  |TAMS 0x00000000c0a00000| PB 0x00000000c0a00000| Untracked 
|  11|0x00000000c0b00000, 0x00000000c0c00000, 0x00000000c0c00000|100%| O|  |TAMS 0x00000000c0b00000| PB 0x00000000c0b00000| Untracked 
|  12|0x00000000c0c00000, 0x00000000c0cfffe8, 0x00000000c0d00000| 99%| O|  |TAMS 0x00000000c0c00000| PB 0x00000000c0c00000| Untracked 
|  13|0x00000000c0d00000, 0x00000000c0dfffc8, 0x00000000c0e00000| 99%| O|  |TAMS 0x00000000c0d00000| PB 0x00000000c0d00000| Untracked 
|  14|0x00000000c0e00000, 0x00000000c0f00000, 0x00000000c0f00000|100%| O|  |TAMS 0x00000000c0e00000| PB 0x00000000c0e00000| Untracked 
|  15|0x00000000c0f00000, 0x00000000c0fffff8, 0x00000000c1000000| 99%| O|  |TAMS 0x00000000c0f00000| PB 0x00000000c0f00000| Untracked 
|  16|0x00000000c1000000, 0x00000000c10ffff0, 0x00000000c1100000| 99%| O|  |TAMS 0x00000000c1000000| PB 0x00000000c1000000| Untracked 
|  17|0x00000000c1100000, 0x00000000c11ffff0, 0x00000000c1200000| 99%| O|  |TAMS 0x00000000c1100000| PB 0x00000000c1100000| Untracked 
|  18|0x00000000c1200000, 0x00000000c12ffff8, 0x00000000c1300000| 99%| O|  |TAMS 0x00000000c1200000| PB 0x00000000c1200000| Untracked 
|  19|0x00000000c1300000, 0x00000000c1400000, 0x00000000c1400000|100%|HS|  |TAMS 0x00000000c1300000| PB 0x00000000c1300000| Complete 
|  20|0x00000000c1400000, 0x00000000c1500000, 0x00000000c1500000|100%|HS|  |TAMS 0x00000000c1400000| PB 0x00000000c1400000| Complete 
|  21|0x00000000c1500000, 0x00000000c15ffff8, 0x00000000c1600000| 99%| O|  |TAMS 0x00000000c1500000| PB 0x00000000c1500000| Untracked 
|  22|0x00000000c1600000, 0x00000000c1700000, 0x00000000c1700000|100%|HS|  |TAMS 0x00000000c1600000| PB 0x00000000c1600000| Complete 
|  23|0x00000000c1700000, 0x00000000c17fffd8, 0x00000000c1800000| 99%| O|  |TAMS 0x00000000c1700000| PB 0x00000000c1700000| Untracked 
|  24|0x00000000c1800000, 0x00000000c18fa960, 0x00000000c1900000| 97%| O|  |TAMS 0x00000000c1800000| PB 0x00000000c1800000| Untracked 
|  25|0x00000000c1900000, 0x00000000c19ffff0, 0x00000000c1a00000| 99%| O|  |TAMS 0x00000000c1900000| PB 0x00000000c1900000| Untracked 
|  26|0x00000000c1a00000, 0x00000000c1b00000, 0x00000000c1b00000|100%| O|  |TAMS 0x00000000c1a00000| PB 0x00000000c1a00000| Untracked 
|  27|0x00000000c1b00000, 0x00000000c1c00000, 0x00000000c1c00000|100%| O|  |TAMS 0x00000000c1b00000| PB 0x00000000c1b00000| Untracked 
|  28|0x00000000c1c00000, 0x00000000c1cfaf20, 0x00000000c1d00000| 98%| O|  |TAMS 0x00000000c1c00000| PB 0x00000000c1c00000| Untracked 
|  29|0x00000000c1d00000, 0x00000000c1dfff38, 0x00000000c1e00000| 99%| O|  |TAMS 0x00000000c1d00000| PB 0x00000000c1d00000| Untracked 
|  30|0x00000000c1e00000, 0x00000000c1f00000, 0x00000000c1f00000|100%| O|  |TAMS 0x00000000c1e00000| PB 0x00000000c1e00000| Untracked 
|  31|0x00000000c1f00000, 0x00000000c2000000, 0x00000000c2000000|100%| O|  |TAMS 0x00000000c1f00000| PB 0x00000000c1f00000| Untracked 
|  32|0x00000000c2000000, 0x00000000c2100000, 0x00000000c2100000|100%| O|  |TAMS 0x00000000c2000000| PB 0x00000000c2000000| Untracked 
|  33|0x00000000c2100000, 0x00000000c2200000, 0x00000000c2200000|100%| O|  |TAMS 0x00000000c2100000| PB 0x00000000c2100000| Untracked 
|  34|0x00000000c2200000, 0x00000000c22ffff8, 0x00000000c2300000| 99%| O|  |TAMS 0x00000000c2200000| PB 0x00000000c2200000| Untracked 
|  35|0x00000000c2300000, 0x00000000c2400000, 0x00000000c2400000|100%| O|  |TAMS 0x00000000c2300000| PB 0x00000000c2300000| Untracked 
|  36|0x00000000c2400000, 0x00000000c24ffff8, 0x00000000c2500000| 99%| O|  |TAMS 0x00000000c2400000| PB 0x00000000c2400000| Untracked 
|  37|0x00000000c2500000, 0x00000000c25fffd0, 0x00000000c2600000| 99%| O|  |TAMS 0x00000000c2500000| PB 0x00000000c2500000| Untracked 
|  38|0x00000000c2600000, 0x00000000c26ffff0, 0x00000000c2700000| 99%| O|  |TAMS 0x00000000c2600000| PB 0x00000000c2600000| Untracked 
|  39|0x00000000c2700000, 0x00000000c27fffe8, 0x00000000c2800000| 99%| O|  |TAMS 0x00000000c2700000| PB 0x00000000c2700000| Untracked 
|  40|0x00000000c2800000, 0x00000000c2900000, 0x00000000c2900000|100%| O|  |TAMS 0x00000000c2800000| PB 0x00000000c2800000| Untracked 
|  41|0x00000000c2900000, 0x00000000c2a00000, 0x00000000c2a00000|100%| O|  |TAMS 0x00000000c2900000| PB 0x00000000c2900000| Untracked 
|  42|0x00000000c2a00000, 0x00000000c2b00000, 0x00000000c2b00000|100%| O|  |TAMS 0x00000000c2a00000| PB 0x00000000c2a00000| Untracked 
|  43|0x00000000c2b00000, 0x00000000c2bf4228, 0x00000000c2c00000| 95%| O|  |TAMS 0x00000000c2b00000| PB 0x00000000c2b00000| Untracked 
|  44|0x00000000c2c00000, 0x00000000c2cfffe0, 0x00000000c2d00000| 99%| O|  |TAMS 0x00000000c2c00000| PB 0x00000000c2c00000| Untracked 
|  45|0x00000000c2d00000, 0x00000000c2dfffa8, 0x00000000c2e00000| 99%| O|  |TAMS 0x00000000c2d00000| PB 0x00000000c2d00000| Untracked 
|  46|0x00000000c2e00000, 0x00000000c2f00000, 0x00000000c2f00000|100%|HS|  |TAMS 0x00000000c2e00000| PB 0x00000000c2e00000| Complete 
|  47|0x00000000c2f00000, 0x00000000c3000000, 0x00000000c3000000|100%|HS|  |TAMS 0x00000000c2f00000| PB 0x00000000c2f00000| Complete 
|  48|0x00000000c3000000, 0x00000000c3100000, 0x00000000c3100000|100%| O|  |TAMS 0x00000000c3000000| PB 0x00000000c3000000| Untracked 
|  49|0x00000000c3100000, 0x00000000c31ffff8, 0x00000000c3200000| 99%| O|  |TAMS 0x00000000c3100000| PB 0x00000000c3100000| Untracked 
|  50|0x00000000c3200000, 0x00000000c3300000, 0x00000000c3300000|100%| O|  |TAMS 0x00000000c3200000| PB 0x00000000c3200000| Untracked 
|  51|0x00000000c3300000, 0x00000000c33fffb8, 0x00000000c3400000| 99%| O|  |TAMS 0x00000000c3300000| PB 0x00000000c3300000| Untracked 
|  52|0x00000000c3400000, 0x00000000c34fffd8, 0x00000000c3500000| 99%| O|  |TAMS 0x00000000c3400000| PB 0x00000000c3400000| Untracked 
|  53|0x00000000c3500000, 0x00000000c35f7468, 0x00000000c3600000| 96%| O|  |TAMS 0x00000000c3500000| PB 0x00000000c3500000| Untracked 
|  54|0x00000000c3600000, 0x00000000c36ffff0, 0x00000000c3700000| 99%| O|  |TAMS 0x00000000c3600000| PB 0x00000000c3600000| Untracked 
|  55|0x00000000c3700000, 0x00000000c37fdfc8, 0x00000000c3800000| 99%| O|  |TAMS 0x00000000c3700000| PB 0x00000000c3700000| Untracked 
|  56|0x00000000c3800000, 0x00000000c38ffff8, 0x00000000c3900000| 99%| O|  |TAMS 0x00000000c3800000| PB 0x00000000c3800000| Untracked 
|  57|0x00000000c3900000, 0x00000000c3a00000, 0x00000000c3a00000|100%| O|  |TAMS 0x00000000c3900000| PB 0x00000000c3900000| Untracked 
|  58|0x00000000c3a00000, 0x00000000c3afff98, 0x00000000c3b00000| 99%| O|  |TAMS 0x00000000c3a00000| PB 0x00000000c3a00000| Untracked 
|  59|0x00000000c3b00000, 0x00000000c3bfff40, 0x00000000c3c00000| 99%| O|  |TAMS 0x00000000c3b00000| PB 0x00000000c3b00000| Untracked 
|  60|0x00000000c3c00000, 0x00000000c3cffff8, 0x00000000c3d00000| 99%| O|  |TAMS 0x00000000c3c00000| PB 0x00000000c3c00000| Untracked 
|  61|0x00000000c3d00000, 0x00000000c3dfffc8, 0x00000000c3e00000| 99%| O|  |TAMS 0x00000000c3d00000| PB 0x00000000c3d00000| Untracked 
|  62|0x00000000c3e00000, 0x00000000c3effff8, 0x00000000c3f00000| 99%| O|  |TAMS 0x00000000c3e00000| PB 0x00000000c3e00000| Untracked 
|  63|0x00000000c3f00000, 0x00000000c3fffff8, 0x00000000c4000000| 99%| O|  |TAMS 0x00000000c3f00000| PB 0x00000000c3f00000| Untracked 
|  64|0x00000000c4000000, 0x00000000c40fffe0, 0x00000000c4100000| 99%| O|  |TAMS 0x00000000c4000000| PB 0x00000000c4000000| Untracked 
|  65|0x00000000c4100000, 0x00000000c41ffff8, 0x00000000c4200000| 99%| O|  |TAMS 0x00000000c4100000| PB 0x00000000c4100000| Untracked 
|  66|0x00000000c4200000, 0x00000000c42ffff0, 0x00000000c4300000| 99%| O|  |TAMS 0x00000000c4200000| PB 0x00000000c4200000| Untracked 
|  67|0x00000000c4300000, 0x00000000c4400000, 0x00000000c4400000|100%|HS|  |TAMS 0x00000000c4300000| PB 0x00000000c4300000| Complete 
|  68|0x00000000c4400000, 0x00000000c4500000, 0x00000000c4500000|100%|HC|  |TAMS 0x00000000c4400000| PB 0x00000000c4400000| Complete 
|  69|0x00000000c4500000, 0x00000000c4600000, 0x00000000c4600000|100%|HC|  |TAMS 0x00000000c4500000| PB 0x00000000c4500000| Complete 
|  70|0x00000000c4600000, 0x00000000c4700000, 0x00000000c4700000|100%|HC|  |TAMS 0x00000000c4600000| PB 0x00000000c4600000| Complete 
|  71|0x00000000c4700000, 0x00000000c4800000, 0x00000000c4800000|100%|HC|  |TAMS 0x00000000c4700000| PB 0x00000000c4700000| Complete 
|  72|0x00000000c4800000, 0x00000000c4900000, 0x00000000c4900000|100%|HC|  |TAMS 0x00000000c4800000| PB 0x00000000c4800000| Complete 
|  73|0x00000000c4900000, 0x00000000c4a00000, 0x00000000c4a00000|100%|HC|  |TAMS 0x00000000c4900000| PB 0x00000000c4900000| Complete 
|  74|0x00000000c4a00000, 0x00000000c4b00000, 0x00000000c4b00000|100%|HC|  |TAMS 0x00000000c4a00000| PB 0x00000000c4a00000| Complete 
|  75|0x00000000c4b00000, 0x00000000c4c00000, 0x00000000c4c00000|100%|HC|  |TAMS 0x00000000c4b00000| PB 0x00000000c4b00000| Complete 
|  76|0x00000000c4c00000, 0x00000000c4cfffd8, 0x00000000c4d00000| 99%| O|  |TAMS 0x00000000c4c00000| PB 0x00000000c4c00000| Untracked 
|  77|0x00000000c4d00000, 0x00000000c4e00000, 0x00000000c4e00000|100%| O|  |TAMS 0x00000000c4d00000| PB 0x00000000c4d00000| Untracked 
|  78|0x00000000c4e00000, 0x00000000c4eff7b0, 0x00000000c4f00000| 99%| O|  |TAMS 0x00000000c4e00000| PB 0x00000000c4e00000| Untracked 
|  79|0x00000000c4f00000, 0x00000000c4fffff0, 0x00000000c5000000| 99%| O|  |TAMS 0x00000000c4f00000| PB 0x00000000c4f00000| Untracked 
|  80|0x00000000c5000000, 0x00000000c50ffff8, 0x00000000c5100000| 99%| O|  |TAMS 0x00000000c5000000| PB 0x00000000c5000000| Untracked 
|  81|0x00000000c5100000, 0x00000000c51ffff0, 0x00000000c5200000| 99%| O|  |TAMS 0x00000000c5100000| PB 0x00000000c5100000| Untracked 
|  82|0x00000000c5200000, 0x00000000c52ffff8, 0x00000000c5300000| 99%| O|  |TAMS 0x00000000c5200000| PB 0x00000000c5200000| Untracked 
|  83|0x00000000c5300000, 0x00000000c53fffe0, 0x00000000c5400000| 99%| O|  |TAMS 0x00000000c5300000| PB 0x00000000c5300000| Untracked 
|  84|0x00000000c5400000, 0x00000000c54fffd8, 0x00000000c5500000| 99%| O|  |TAMS 0x00000000c5400000| PB 0x00000000c5400000| Untracked 
|  85|0x00000000c5500000, 0x00000000c55fffa8, 0x00000000c5600000| 99%| O|  |TAMS 0x00000000c5500000| PB 0x00000000c5500000| Untracked 
|  86|0x00000000c5600000, 0x00000000c56ffff8, 0x00000000c5700000| 99%| O|  |TAMS 0x00000000c5600000| PB 0x00000000c5600000| Untracked 
|  87|0x00000000c5700000, 0x00000000c5800000, 0x00000000c5800000|100%| O|  |TAMS 0x00000000c5700000| PB 0x00000000c5700000| Untracked 
|  88|0x00000000c5800000, 0x00000000c58ffff8, 0x00000000c5900000| 99%| O|  |TAMS 0x00000000c5800000| PB 0x00000000c5800000| Untracked 
|  89|0x00000000c5900000, 0x00000000c59ffff0, 0x00000000c5a00000| 99%| O|  |TAMS 0x00000000c5900000| PB 0x00000000c5900000| Untracked 
|  90|0x00000000c5a00000, 0x00000000c5b00000, 0x00000000c5b00000|100%| O|  |TAMS 0x00000000c5a00000| PB 0x00000000c5a00000| Untracked 
|  91|0x00000000c5b00000, 0x00000000c5bffff8, 0x00000000c5c00000| 99%| O|  |TAMS 0x00000000c5b00000| PB 0x00000000c5b00000| Untracked 
|  92|0x00000000c5c00000, 0x00000000c5cffff8, 0x00000000c5d00000| 99%| O|  |TAMS 0x00000000c5c00000| PB 0x00000000c5c00000| Untracked 
|  93|0x00000000c5d00000, 0x00000000c5dfffe8, 0x00000000c5e00000| 99%| O|  |TAMS 0x00000000c5d00000| PB 0x00000000c5d00000| Untracked 
|  94|0x00000000c5e00000, 0x00000000c5efff40, 0x00000000c5f00000| 99%| O|  |TAMS 0x00000000c5e00000| PB 0x00000000c5e00000| Untracked 
|  95|0x00000000c5f00000, 0x00000000c5fffff8, 0x00000000c6000000| 99%| O|  |TAMS 0x00000000c5f00000| PB 0x00000000c5f00000| Untracked 
|  96|0x00000000c6000000, 0x00000000c60ffff0, 0x00000000c6100000| 99%| O|  |TAMS 0x00000000c6000000| PB 0x00000000c6000000| Untracked 
|  97|0x00000000c6100000, 0x00000000c6200000, 0x00000000c6200000|100%| O|  |TAMS 0x00000000c6100000| PB 0x00000000c6100000| Untracked 
|  98|0x00000000c6200000, 0x00000000c6300000, 0x00000000c6300000|100%| O|  |TAMS 0x00000000c6200000| PB 0x00000000c6200000| Untracked 
|  99|0x00000000c6300000, 0x00000000c63ffff8, 0x00000000c6400000| 99%| O|  |TAMS 0x00000000c6300000| PB 0x00000000c6300000| Untracked 
| 100|0x00000000c6400000, 0x00000000c6500000, 0x00000000c6500000|100%| O|  |TAMS 0x00000000c6400000| PB 0x00000000c6400000| Untracked 
| 101|0x00000000c6500000, 0x00000000c65fffe8, 0x00000000c6600000| 99%| O|  |TAMS 0x00000000c6500000| PB 0x00000000c6500000| Untracked 
| 102|0x00000000c6600000, 0x00000000c66ffff8, 0x00000000c6700000| 99%| O|  |TAMS 0x00000000c6600000| PB 0x00000000c6600000| Untracked 
| 103|0x00000000c6700000, 0x00000000c6800000, 0x00000000c6800000|100%| O|  |TAMS 0x00000000c6700000| PB 0x00000000c6700000| Untracked 
| 104|0x00000000c6800000, 0x00000000c6900000, 0x00000000c6900000|100%| O|  |TAMS 0x00000000c6800000| PB 0x00000000c6800000| Untracked 
| 105|0x00000000c6900000, 0x00000000c69ffff0, 0x00000000c6a00000| 99%| O|  |TAMS 0x00000000c6900000| PB 0x00000000c6900000| Untracked 
| 106|0x00000000c6a00000, 0x00000000c6affff0, 0x00000000c6b00000| 99%| O|  |TAMS 0x00000000c6a00000| PB 0x00000000c6a00000| Untracked 
| 107|0x00000000c6b00000, 0x00000000c6bffff0, 0x00000000c6c00000| 99%| O|  |TAMS 0x00000000c6b00000| PB 0x00000000c6b00000| Untracked 
| 108|0x00000000c6c00000, 0x00000000c6d00000, 0x00000000c6d00000|100%| O|  |TAMS 0x00000000c6c00000| PB 0x00000000c6c00000| Untracked 
| 109|0x00000000c6d00000, 0x00000000c6dffff0, 0x00000000c6e00000| 99%| O|  |TAMS 0x00000000c6d00000| PB 0x00000000c6d00000| Untracked 
| 110|0x00000000c6e00000, 0x00000000c6f00000, 0x00000000c6f00000|100%| O|  |TAMS 0x00000000c6e00000| PB 0x00000000c6e00000| Untracked 
| 111|0x00000000c6f00000, 0x00000000c6fffff8, 0x00000000c7000000| 99%| O|  |TAMS 0x00000000c6f00000| PB 0x00000000c6f00000| Untracked 
| 112|0x00000000c7000000, 0x00000000c70fffe8, 0x00000000c7100000| 99%| O|  |TAMS 0x00000000c7000000| PB 0x00000000c7000000| Untracked 
| 113|0x00000000c7100000, 0x00000000c71ffff0, 0x00000000c7200000| 99%| O|  |TAMS 0x00000000c7100000| PB 0x00000000c7100000| Untracked 
| 114|0x00000000c7200000, 0x00000000c7300000, 0x00000000c7300000|100%| O|  |TAMS 0x00000000c7200000| PB 0x00000000c7200000| Untracked 
| 115|0x00000000c7300000, 0x00000000c73fffe8, 0x00000000c7400000| 99%| O|  |TAMS 0x00000000c7300000| PB 0x00000000c7300000| Untracked 
| 116|0x00000000c7400000, 0x00000000c74fffd8, 0x00000000c7500000| 99%| O|  |TAMS 0x00000000c7400000| PB 0x00000000c7400000| Untracked 
| 117|0x00000000c7500000, 0x00000000c7600000, 0x00000000c7600000|100%| O|  |TAMS 0x00000000c7500000| PB 0x00000000c7500000| Untracked 
| 118|0x00000000c7600000, 0x00000000c76fffe0, 0x00000000c7700000| 99%| O|  |TAMS 0x00000000c7600000| PB 0x00000000c7600000| Untracked 
| 119|0x00000000c7700000, 0x00000000c7800000, 0x00000000c7800000|100%| O|  |TAMS 0x00000000c7700000| PB 0x00000000c7700000| Untracked 
| 120|0x00000000c7800000, 0x00000000c78fffe0, 0x00000000c7900000| 99%| O|  |TAMS 0x00000000c7800000| PB 0x00000000c7800000| Untracked 
| 121|0x00000000c7900000, 0x00000000c79fff38, 0x00000000c7a00000| 99%| O|  |TAMS 0x00000000c7900000| PB 0x00000000c7900000| Untracked 
| 122|0x00000000c7a00000, 0x00000000c7afffe8, 0x00000000c7b00000| 99%| O|  |TAMS 0x00000000c7a00000| PB 0x00000000c7a00000| Untracked 
| 123|0x00000000c7b00000, 0x00000000c7bffff0, 0x00000000c7c00000| 99%| O|  |TAMS 0x00000000c7b00000| PB 0x00000000c7b00000| Untracked 
| 124|0x00000000c7c00000, 0x00000000c7cfffe8, 0x00000000c7d00000| 99%| O|  |TAMS 0x00000000c7c00000| PB 0x00000000c7c00000| Untracked 
| 125|0x00000000c7d00000, 0x00000000c7dffff0, 0x00000000c7e00000| 99%| O|  |TAMS 0x00000000c7d00000| PB 0x00000000c7d00000| Untracked 
| 126|0x00000000c7e00000, 0x00000000c7effff0, 0x00000000c7f00000| 99%| O|  |TAMS 0x00000000c7e00000| PB 0x00000000c7e00000| Untracked 
| 127|0x00000000c7f00000, 0x00000000c7fffed8, 0x00000000c8000000| 99%| O|  |TAMS 0x00000000c7f00000| PB 0x00000000c7f00000| Untracked 
| 128|0x00000000c8000000, 0x00000000c80ffff0, 0x00000000c8100000| 99%| O|  |TAMS 0x00000000c8000000| PB 0x00000000c8000000| Untracked 
| 129|0x00000000c8100000, 0x00000000c8200000, 0x00000000c8200000|100%| O|  |TAMS 0x00000000c8100000| PB 0x00000000c8100000| Untracked 
| 130|0x00000000c8200000, 0x00000000c82ffff8, 0x00000000c8300000| 99%| O|  |TAMS 0x00000000c8200000| PB 0x00000000c8200000| Untracked 
| 131|0x00000000c8300000, 0x00000000c83fffe8, 0x00000000c8400000| 99%| O|  |TAMS 0x00000000c8300000| PB 0x00000000c8300000| Untracked 
| 132|0x00000000c8400000, 0x00000000c84ffff8, 0x00000000c8500000| 99%| O|  |TAMS 0x00000000c8400000| PB 0x00000000c8400000| Untracked 
| 133|0x00000000c8500000, 0x00000000c85fffd0, 0x00000000c8600000| 99%| O|  |TAMS 0x00000000c8500000| PB 0x00000000c8500000| Untracked 
| 134|0x00000000c8600000, 0x00000000c86ffff8, 0x00000000c8700000| 99%| O|  |TAMS 0x00000000c8600000| PB 0x00000000c8600000| Untracked 
| 135|0x00000000c8700000, 0x00000000c8800000, 0x00000000c8800000|100%| O|  |TAMS 0x00000000c8700000| PB 0x00000000c8700000| Untracked 
| 136|0x00000000c8800000, 0x00000000c88ffff8, 0x00000000c8900000| 99%| O|  |TAMS 0x00000000c8800000| PB 0x00000000c8800000| Untracked 
| 137|0x00000000c8900000, 0x00000000c89fffd8, 0x00000000c8a00000| 99%| O|  |TAMS 0x00000000c8900000| PB 0x00000000c8900000| Untracked 
| 138|0x00000000c8a00000, 0x00000000c8affff8, 0x00000000c8b00000| 99%| O|  |TAMS 0x00000000c8a00000| PB 0x00000000c8a00000| Untracked 
| 139|0x00000000c8b00000, 0x00000000c8bfffc0, 0x00000000c8c00000| 99%| O|  |TAMS 0x00000000c8b00000| PB 0x00000000c8b00000| Untracked 
| 140|0x00000000c8c00000, 0x00000000c8cfffd8, 0x00000000c8d00000| 99%| O|  |TAMS 0x00000000c8c00000| PB 0x00000000c8c00000| Untracked 
| 141|0x00000000c8d00000, 0x00000000c8e00000, 0x00000000c8e00000|100%| O|  |TAMS 0x00000000c8d00000| PB 0x00000000c8d00000| Untracked 
| 142|0x00000000c8e00000, 0x00000000c8efffe0, 0x00000000c8f00000| 99%| O|  |TAMS 0x00000000c8e00000| PB 0x00000000c8e00000| Untracked 
| 143|0x00000000c8f00000, 0x00000000c8ffffe8, 0x00000000c9000000| 99%| O|  |TAMS 0x00000000c8f00000| PB 0x00000000c8f00000| Untracked 
| 144|0x00000000c9000000, 0x00000000c90fffe8, 0x00000000c9100000| 99%| O|  |TAMS 0x00000000c9000000| PB 0x00000000c9000000| Untracked 
| 145|0x00000000c9100000, 0x00000000c91ffa30, 0x00000000c9200000| 99%| O|  |TAMS 0x00000000c9100000| PB 0x00000000c9100000| Untracked 
| 146|0x00000000c9200000, 0x00000000c9300000, 0x00000000c9300000|100%| O|  |TAMS 0x00000000c9200000| PB 0x00000000c9200000| Untracked 
| 147|0x00000000c9300000, 0x00000000c9400000, 0x00000000c9400000|100%| O|  |TAMS 0x00000000c9300000| PB 0x00000000c9300000| Untracked 
| 148|0x00000000c9400000, 0x00000000c94ffff0, 0x00000000c9500000| 99%| O|  |TAMS 0x00000000c9400000| PB 0x00000000c9400000| Untracked 
| 149|0x00000000c9500000, 0x00000000c9600000, 0x00000000c9600000|100%| O|  |TAMS 0x00000000c9500000| PB 0x00000000c9500000| Untracked 
| 150|0x00000000c9600000, 0x00000000c96ffff8, 0x00000000c9700000| 99%| O|  |TAMS 0x00000000c9600000| PB 0x00000000c9600000| Untracked 
| 151|0x00000000c9700000, 0x00000000c97ffff0, 0x00000000c9800000| 99%| O|  |TAMS 0x00000000c9700000| PB 0x00000000c9700000| Untracked 
| 152|0x00000000c9800000, 0x00000000c98fffc8, 0x00000000c9900000| 99%| O|  |TAMS 0x00000000c9800000| PB 0x00000000c9800000| Untracked 
| 153|0x00000000c9900000, 0x00000000c99ffff8, 0x00000000c9a00000| 99%| O|  |TAMS 0x00000000c9900000| PB 0x00000000c9900000| Untracked 
| 154|0x00000000c9a00000, 0x00000000c9affff0, 0x00000000c9b00000| 99%| O|  |TAMS 0x00000000c9a00000| PB 0x00000000c9a00000| Untracked 
| 155|0x00000000c9b00000, 0x00000000c9bfffe8, 0x00000000c9c00000| 99%| O|  |TAMS 0x00000000c9b00000| PB 0x00000000c9b00000| Untracked 
| 156|0x00000000c9c00000, 0x00000000c9cfde10, 0x00000000c9d00000| 99%| O|  |TAMS 0x00000000c9c00000| PB 0x00000000c9c00000| Untracked 
| 157|0x00000000c9d00000, 0x00000000c9e00000, 0x00000000c9e00000|100%|HS|  |TAMS 0x00000000c9d00000| PB 0x00000000c9d00000| Complete 
| 158|0x00000000c9e00000, 0x00000000c9f00000, 0x00000000c9f00000|100%|HC|  |TAMS 0x00000000c9e00000| PB 0x00000000c9e00000| Complete 
| 159|0x00000000c9f00000, 0x00000000ca000000, 0x00000000ca000000|100%|HC|  |TAMS 0x00000000c9f00000| PB 0x00000000c9f00000| Complete 
| 160|0x00000000ca000000, 0x00000000ca100000, 0x00000000ca100000|100%|HC|  |TAMS 0x00000000ca000000| PB 0x00000000ca000000| Complete 
| 161|0x00000000ca100000, 0x00000000ca200000, 0x00000000ca200000|100%|HC|  |TAMS 0x00000000ca100000| PB 0x00000000ca100000| Complete 
| 162|0x00000000ca200000, 0x00000000ca300000, 0x00000000ca300000|100%|HC|  |TAMS 0x00000000ca200000| PB 0x00000000ca200000| Complete 
| 163|0x00000000ca300000, 0x00000000ca400000, 0x00000000ca400000|100%|HC|  |TAMS 0x00000000ca300000| PB 0x00000000ca300000| Complete 
| 164|0x00000000ca400000, 0x00000000ca500000, 0x00000000ca500000|100%|HC|  |TAMS 0x00000000ca400000| PB 0x00000000ca400000| Complete 
| 165|0x00000000ca500000, 0x00000000ca5fffc8, 0x00000000ca600000| 99%| O|  |TAMS 0x00000000ca500000| PB 0x00000000ca500000| Untracked 
| 166|0x00000000ca600000, 0x00000000ca700000, 0x00000000ca700000|100%| O|  |TAMS 0x00000000ca600000| PB 0x00000000ca600000| Untracked 
| 167|0x00000000ca700000, 0x00000000ca800000, 0x00000000ca800000|100%|HS|  |TAMS 0x00000000ca700000| PB 0x00000000ca700000| Complete 
| 168|0x00000000ca800000, 0x00000000ca8fe378, 0x00000000ca900000| 99%| O|  |TAMS 0x00000000ca800000| PB 0x00000000ca800000| Untracked 
| 169|0x00000000ca900000, 0x00000000ca9ffff8, 0x00000000caa00000| 99%| O|  |TAMS 0x00000000ca900000| PB 0x00000000ca900000| Untracked 
| 170|0x00000000caa00000, 0x00000000caafffd0, 0x00000000cab00000| 99%| O|  |TAMS 0x00000000caa00000| PB 0x00000000caa00000| Untracked 
| 171|0x00000000cab00000, 0x00000000cabfffd0, 0x00000000cac00000| 99%| O|  |TAMS 0x00000000cab00000| PB 0x00000000cab00000| Untracked 
| 172|0x00000000cac00000, 0x00000000cacffff0, 0x00000000cad00000| 99%| O|  |TAMS 0x00000000cac00000| PB 0x00000000cac00000| Untracked 
| 173|0x00000000cad00000, 0x00000000cae00000, 0x00000000cae00000|100%|HS|  |TAMS 0x00000000cad00000| PB 0x00000000cad00000| Complete 
| 174|0x00000000cae00000, 0x00000000caf00000, 0x00000000caf00000|100%|HC|  |TAMS 0x00000000cae00000| PB 0x00000000cae00000| Complete 
| 175|0x00000000caf00000, 0x00000000cb000000, 0x00000000cb000000|100%|HC|  |TAMS 0x00000000caf00000| PB 0x00000000caf00000| Complete 
| 176|0x00000000cb000000, 0x00000000cb100000, 0x00000000cb100000|100%|HC|  |TAMS 0x00000000cb000000| PB 0x00000000cb000000| Complete 
| 177|0x00000000cb100000, 0x00000000cb1ffff8, 0x00000000cb200000| 99%| O|  |TAMS 0x00000000cb100000| PB 0x00000000cb100000| Untracked 
| 178|0x00000000cb200000, 0x00000000cb2ffff8, 0x00000000cb300000| 99%| O|  |TAMS 0x00000000cb200000| PB 0x00000000cb200000| Untracked 
| 179|0x00000000cb300000, 0x00000000cb3ffff8, 0x00000000cb400000| 99%| O|  |TAMS 0x00000000cb300000| PB 0x00000000cb300000| Untracked 
| 180|0x00000000cb400000, 0x00000000cb4ffff0, 0x00000000cb500000| 99%| O|  |TAMS 0x00000000cb400000| PB 0x00000000cb400000| Untracked 
| 181|0x00000000cb500000, 0x00000000cb5ffff8, 0x00000000cb600000| 99%| O|  |TAMS 0x00000000cb500000| PB 0x00000000cb500000| Untracked 
| 182|0x00000000cb600000, 0x00000000cb700000, 0x00000000cb700000|100%|HS|  |TAMS 0x00000000cb600000| PB 0x00000000cb600000| Complete 
| 183|0x00000000cb700000, 0x00000000cb800000, 0x00000000cb800000|100%|HC|  |TAMS 0x00000000cb700000| PB 0x00000000cb700000| Complete 
| 184|0x00000000cb800000, 0x00000000cb900000, 0x00000000cb900000|100%|HC|  |TAMS 0x00000000cb800000| PB 0x00000000cb800000| Complete 
| 185|0x00000000cb900000, 0x00000000cba00000, 0x00000000cba00000|100%|HC|  |TAMS 0x00000000cb900000| PB 0x00000000cb900000| Complete 
| 186|0x00000000cba00000, 0x00000000cbb00000, 0x00000000cbb00000|100%|HC|  |TAMS 0x00000000cba00000| PB 0x00000000cba00000| Complete 
| 187|0x00000000cbb00000, 0x00000000cbc00000, 0x00000000cbc00000|100%|HC|  |TAMS 0x00000000cbb00000| PB 0x00000000cbb00000| Complete 
| 188|0x00000000cbc00000, 0x00000000cbcfffe8, 0x00000000cbd00000| 99%| O|  |TAMS 0x00000000cbc00000| PB 0x00000000cbc00000| Untracked 
| 189|0x00000000cbd00000, 0x00000000cbdffff8, 0x00000000cbe00000| 99%| O|  |TAMS 0x00000000cbd00000| PB 0x00000000cbd00000| Untracked 
| 190|0x00000000cbe00000, 0x00000000cbefffe8, 0x00000000cbf00000| 99%| O|  |TAMS 0x00000000cbe00000| PB 0x00000000cbe00000| Untracked 
| 191|0x00000000cbf00000, 0x00000000cbffff18, 0x00000000cc000000| 99%| O|  |TAMS 0x00000000cbf00000| PB 0x00000000cbf00000| Untracked 
| 192|0x00000000cc000000, 0x00000000cc0ffe20, 0x00000000cc100000| 99%| O|  |TAMS 0x00000000cc000000| PB 0x00000000cc000000| Untracked 
| 193|0x00000000cc100000, 0x00000000cc200000, 0x00000000cc200000|100%| O|  |TAMS 0x00000000cc100000| PB 0x00000000cc100000| Untracked 
| 194|0x00000000cc200000, 0x00000000cc2fffb0, 0x00000000cc300000| 99%| O|  |TAMS 0x00000000cc200000| PB 0x00000000cc200000| Untracked 
| 195|0x00000000cc300000, 0x00000000cc3fffd8, 0x00000000cc400000| 99%| O|  |TAMS 0x00000000cc300000| PB 0x00000000cc300000| Untracked 
| 196|0x00000000cc400000, 0x00000000cc4fffe8, 0x00000000cc500000| 99%| O|  |TAMS 0x00000000cc400000| PB 0x00000000cc400000| Untracked 
| 197|0x00000000cc500000, 0x00000000cc5ffff8, 0x00000000cc600000| 99%| O|  |TAMS 0x00000000cc500000| PB 0x00000000cc500000| Untracked 
| 198|0x00000000cc600000, 0x00000000cc6ffff8, 0x00000000cc700000| 99%| O|  |TAMS 0x00000000cc600000| PB 0x00000000cc600000| Untracked 
| 199|0x00000000cc700000, 0x00000000cc800000, 0x00000000cc800000|100%| O|  |TAMS 0x00000000cc700000| PB 0x00000000cc700000| Untracked 
| 200|0x00000000cc800000, 0x00000000cc8fadb0, 0x00000000cc900000| 97%| O|  |TAMS 0x00000000cc800000| PB 0x00000000cc800000| Untracked 
| 201|0x00000000cc900000, 0x00000000cc9fffd8, 0x00000000cca00000| 99%| O|  |TAMS 0x00000000cc900000| PB 0x00000000cc900000| Untracked 
| 202|0x00000000cca00000, 0x00000000ccb00000, 0x00000000ccb00000|100%|HS|  |TAMS 0x00000000cca00000| PB 0x00000000cca00000| Complete 
| 203|0x00000000ccb00000, 0x00000000ccc00000, 0x00000000ccc00000|100%|HC|  |TAMS 0x00000000ccb00000| PB 0x00000000ccb00000| Complete 
| 204|0x00000000ccc00000, 0x00000000cccfffe0, 0x00000000ccd00000| 99%| O|  |TAMS 0x00000000ccc00000| PB 0x00000000ccc00000| Untracked 
| 205|0x00000000ccd00000, 0x00000000ccdfffc0, 0x00000000cce00000| 99%| O|  |TAMS 0x00000000ccd00000| PB 0x00000000ccd00000| Untracked 
| 206|0x00000000cce00000, 0x00000000ccf00000, 0x00000000ccf00000|100%| O|  |TAMS 0x00000000cce00000| PB 0x00000000cce00000| Untracked 
| 207|0x00000000ccf00000, 0x00000000ccfffff0, 0x00000000cd000000| 99%| O|  |TAMS 0x00000000ccf00000| PB 0x00000000ccf00000| Untracked 
| 208|0x00000000cd000000, 0x00000000cd100000, 0x00000000cd100000|100%| O|  |TAMS 0x00000000cd000000| PB 0x00000000cd000000| Untracked 
| 209|0x00000000cd100000, 0x00000000cd1ffff8, 0x00000000cd200000| 99%| O|  |TAMS 0x00000000cd100000| PB 0x00000000cd100000| Untracked 
| 210|0x00000000cd200000, 0x00000000cd2fffe0, 0x00000000cd300000| 99%| O|  |TAMS 0x00000000cd200000| PB 0x00000000cd200000| Untracked 
| 211|0x00000000cd300000, 0x00000000cd3ffff0, 0x00000000cd400000| 99%| O|  |TAMS 0x00000000cd300000| PB 0x00000000cd300000| Untracked 
| 212|0x00000000cd400000, 0x00000000cd4fffa8, 0x00000000cd500000| 99%| O|  |TAMS 0x00000000cd400000| PB 0x00000000cd400000| Untracked 
| 213|0x00000000cd500000, 0x00000000cd5fffc0, 0x00000000cd600000| 99%| O|  |TAMS 0x00000000cd500000| PB 0x00000000cd500000| Untracked 
| 214|0x00000000cd600000, 0x00000000cd700000, 0x00000000cd700000|100%|HS|  |TAMS 0x00000000cd600000| PB 0x00000000cd600000| Complete 
| 215|0x00000000cd700000, 0x00000000cd7ffff0, 0x00000000cd800000| 99%| O|  |TAMS 0x00000000cd700000| PB 0x00000000cd700000| Untracked 
| 216|0x00000000cd800000, 0x00000000cd8fffd8, 0x00000000cd900000| 99%| O|  |TAMS 0x00000000cd800000| PB 0x00000000cd800000| Untracked 
| 217|0x00000000cd900000, 0x00000000cd9f79c0, 0x00000000cda00000| 96%| O|  |TAMS 0x00000000cd900000| PB 0x00000000cd900000| Untracked 
| 218|0x00000000cda00000, 0x00000000cdafffc8, 0x00000000cdb00000| 99%| O|  |TAMS 0x00000000cda00000| PB 0x00000000cda00000| Untracked 
| 219|0x00000000cdb00000, 0x00000000cdbffff0, 0x00000000cdc00000| 99%| O|  |TAMS 0x00000000cdb00000| PB 0x00000000cdb00000| Untracked 
| 220|0x00000000cdc00000, 0x00000000cdcffff0, 0x00000000cdd00000| 99%| O|  |TAMS 0x00000000cdc00000| PB 0x00000000cdc00000| Untracked 
| 221|0x00000000cdd00000, 0x00000000cddfff58, 0x00000000cde00000| 99%| O|  |TAMS 0x00000000cdd00000| PB 0x00000000cdd00000| Untracked 
| 222|0x00000000cde00000, 0x00000000cdefffe0, 0x00000000cdf00000| 99%| O|  |TAMS 0x00000000cde00000| PB 0x00000000cde00000| Untracked 
| 223|0x00000000cdf00000, 0x00000000cdfffff0, 0x00000000ce000000| 99%| O|  |TAMS 0x00000000cdf00000| PB 0x00000000cdf00000| Untracked 
| 224|0x00000000ce000000, 0x00000000ce100000, 0x00000000ce100000|100%|HS|  |TAMS 0x00000000ce000000| PB 0x00000000ce000000| Complete 
| 225|0x00000000ce100000, 0x00000000ce200000, 0x00000000ce200000|100%|HC|  |TAMS 0x00000000ce100000| PB 0x00000000ce100000| Complete 
| 226|0x00000000ce200000, 0x00000000ce300000, 0x00000000ce300000|100%| O|  |TAMS 0x00000000ce200000| PB 0x00000000ce200000| Untracked 
| 227|0x00000000ce300000, 0x00000000ce400000, 0x00000000ce400000|100%|HS|  |TAMS 0x00000000ce300000| PB 0x00000000ce300000| Complete 
| 228|0x00000000ce400000, 0x00000000ce500000, 0x00000000ce500000|100%|HC|  |TAMS 0x00000000ce400000| PB 0x00000000ce400000| Complete 
| 229|0x00000000ce500000, 0x00000000ce5ffff0, 0x00000000ce600000| 99%| O|  |TAMS 0x00000000ce500000| PB 0x00000000ce500000| Untracked 
| 230|0x00000000ce600000, 0x00000000ce6ffff8, 0x00000000ce700000| 99%| O|  |TAMS 0x00000000ce600000| PB 0x00000000ce600000| Untracked 
| 231|0x00000000ce700000, 0x00000000ce800000, 0x00000000ce800000|100%| O|  |TAMS 0x00000000ce700000| PB 0x00000000ce700000| Untracked 
| 232|0x00000000ce800000, 0x00000000ce900000, 0x00000000ce900000|100%| O|  |TAMS 0x00000000ce800000| PB 0x00000000ce800000| Untracked 
| 233|0x00000000ce900000, 0x00000000ce9ff610, 0x00000000cea00000| 99%| O|  |TAMS 0x00000000ce900000| PB 0x00000000ce900000| Untracked 
| 234|0x00000000cea00000, 0x00000000ceb00000, 0x00000000ceb00000|100%|HS|  |TAMS 0x00000000cea00000| PB 0x00000000cea00000| Complete 
| 235|0x00000000ceb00000, 0x00000000cebffff8, 0x00000000cec00000| 99%| O|  |TAMS 0x00000000ceb00000| PB 0x00000000ceb00000| Untracked 
| 236|0x00000000cec00000, 0x00000000cecffff8, 0x00000000ced00000| 99%| O|  |TAMS 0x00000000cec00000| PB 0x00000000cec00000| Untracked 
| 237|0x00000000ced00000, 0x00000000cedfea08, 0x00000000cee00000| 99%| O|  |TAMS 0x00000000ced00000| PB 0x00000000ced00000| Untracked 
| 238|0x00000000cee00000, 0x00000000ceefffd8, 0x00000000cef00000| 99%| O|  |TAMS 0x00000000cee00000| PB 0x00000000cee00000| Untracked 
| 239|0x00000000cef00000, 0x00000000cefffff8, 0x00000000cf000000| 99%| O|  |TAMS 0x00000000cef00000| PB 0x00000000cef00000| Untracked 
| 240|0x00000000cf000000, 0x00000000cf0fffd8, 0x00000000cf100000| 99%| O|  |TAMS 0x00000000cf000000| PB 0x00000000cf000000| Untracked 
| 241|0x00000000cf100000, 0x00000000cf1ffff8, 0x00000000cf200000| 99%| O|  |TAMS 0x00000000cf100000| PB 0x00000000cf100000| Untracked 
| 242|0x00000000cf200000, 0x00000000cf2f9838, 0x00000000cf300000| 97%| O|  |TAMS 0x00000000cf200000| PB 0x00000000cf200000| Untracked 
| 243|0x00000000cf300000, 0x00000000cf3faee0, 0x00000000cf400000| 98%| O|  |TAMS 0x00000000cf300000| PB 0x00000000cf300000| Untracked 
| 244|0x00000000cf400000, 0x00000000cf500000, 0x00000000cf500000|100%| O|  |TAMS 0x00000000cf400000| PB 0x00000000cf400000| Untracked 
| 245|0x00000000cf500000, 0x00000000cf5ffff8, 0x00000000cf600000| 99%| O|  |TAMS 0x00000000cf500000| PB 0x00000000cf500000| Untracked 
| 246|0x00000000cf600000, 0x00000000cf700000, 0x00000000cf700000|100%| O|  |TAMS 0x00000000cf600000| PB 0x00000000cf600000| Untracked 
| 247|0x00000000cf700000, 0x00000000cf7ffff8, 0x00000000cf800000| 99%| O|  |TAMS 0x00000000cf700000| PB 0x00000000cf700000| Untracked 
| 248|0x00000000cf800000, 0x00000000cf900000, 0x00000000cf900000|100%| O|  |TAMS 0x00000000cf800000| PB 0x00000000cf800000| Untracked 
| 249|0x00000000cf900000, 0x00000000cf9f89f0, 0x00000000cfa00000| 97%| O|  |TAMS 0x00000000cf900000| PB 0x00000000cf900000| Untracked 
| 250|0x00000000cfa00000, 0x00000000cfb00000, 0x00000000cfb00000|100%| O|  |TAMS 0x00000000cfa00000| PB 0x00000000cfa00000| Untracked 
| 251|0x00000000cfb00000, 0x00000000cfbffff8, 0x00000000cfc00000| 99%| O|  |TAMS 0x00000000cfb00000| PB 0x00000000cfb00000| Untracked 
| 252|0x00000000cfc00000, 0x00000000cfcffff8, 0x00000000cfd00000| 99%| O|  |TAMS 0x00000000cfc00000| PB 0x00000000cfc00000| Untracked 
| 253|0x00000000cfd00000, 0x00000000cfe00000, 0x00000000cfe00000|100%| O|  |TAMS 0x00000000cfd00000| PB 0x00000000cfd00000| Untracked 
| 254|0x00000000cfe00000, 0x00000000cfefc368, 0x00000000cff00000| 98%| O|  |TAMS 0x00000000cfe00000| PB 0x00000000cfe00000| Untracked 
| 255|0x00000000cff00000, 0x00000000cfffffe8, 0x00000000d0000000| 99%| O|  |TAMS 0x00000000cff00000| PB 0x00000000cff00000| Untracked 
| 256|0x00000000d0000000, 0x00000000d0100000, 0x00000000d0100000|100%| O|  |TAMS 0x00000000d0000000| PB 0x00000000d0000000| Untracked 
| 257|0x00000000d0100000, 0x00000000d0200000, 0x00000000d0200000|100%| O|  |TAMS 0x00000000d0100000| PB 0x00000000d0100000| Untracked 
| 258|0x00000000d0200000, 0x00000000d0300000, 0x00000000d0300000|100%| O|  |TAMS 0x00000000d0200000| PB 0x00000000d0200000| Untracked 
| 259|0x00000000d0300000, 0x00000000d0400000, 0x00000000d0400000|100%| O|  |TAMS 0x00000000d0300000| PB 0x00000000d0300000| Untracked 
| 260|0x00000000d0400000, 0x00000000d0500000, 0x00000000d0500000|100%| O|  |TAMS 0x00000000d0400000| PB 0x00000000d0400000| Untracked 
| 261|0x00000000d0500000, 0x00000000d0600000, 0x00000000d0600000|100%| O|  |TAMS 0x00000000d0500000| PB 0x00000000d0500000| Untracked 
| 262|0x00000000d0600000, 0x00000000d06fff70, 0x00000000d0700000| 99%| O|  |TAMS 0x00000000d0600000| PB 0x00000000d0600000| Untracked 
| 263|0x00000000d0700000, 0x00000000d07fffe8, 0x00000000d0800000| 99%| O|  |TAMS 0x00000000d0700000| PB 0x00000000d0700000| Untracked 
| 264|0x00000000d0800000, 0x00000000d0900000, 0x00000000d0900000|100%| O|  |TAMS 0x00000000d0800000| PB 0x00000000d0800000| Untracked 
| 265|0x00000000d0900000, 0x00000000d09fffa0, 0x00000000d0a00000| 99%| O|  |TAMS 0x00000000d0900000| PB 0x00000000d0900000| Untracked 
| 266|0x00000000d0a00000, 0x00000000d0affff8, 0x00000000d0b00000| 99%| O|  |TAMS 0x00000000d0a00000| PB 0x00000000d0a00000| Untracked 
| 267|0x00000000d0b00000, 0x00000000d0c00000, 0x00000000d0c00000|100%| O|  |TAMS 0x00000000d0b00000| PB 0x00000000d0b00000| Untracked 
| 268|0x00000000d0c00000, 0x00000000d0cfff58, 0x00000000d0d00000| 99%| O|  |TAMS 0x00000000d0c00000| PB 0x00000000d0c00000| Untracked 
| 269|0x00000000d0d00000, 0x00000000d0e00000, 0x00000000d0e00000|100%| O|  |TAMS 0x00000000d0d00000| PB 0x00000000d0d00000| Untracked 
| 270|0x00000000d0e00000, 0x00000000d0f00000, 0x00000000d0f00000|100%| O|  |TAMS 0x00000000d0e00000| PB 0x00000000d0e00000| Untracked 
| 271|0x00000000d0f00000, 0x00000000d0ffffd0, 0x00000000d1000000| 99%| O|  |TAMS 0x00000000d0f00000| PB 0x00000000d0f00000| Untracked 
| 272|0x00000000d1000000, 0x00000000d10fffd8, 0x00000000d1100000| 99%| O|  |TAMS 0x00000000d1000000| PB 0x00000000d1000000| Untracked 
| 273|0x00000000d1100000, 0x00000000d1200000, 0x00000000d1200000|100%| O|  |TAMS 0x00000000d1100000| PB 0x00000000d1100000| Untracked 
| 274|0x00000000d1200000, 0x00000000d1300000, 0x00000000d1300000|100%|HS|  |TAMS 0x00000000d1200000| PB 0x00000000d1200000| Complete 
| 275|0x00000000d1300000, 0x00000000d13ffff0, 0x00000000d1400000| 99%| O|  |TAMS 0x00000000d1300000| PB 0x00000000d1300000| Untracked 
| 276|0x00000000d1400000, 0x00000000d14ffff0, 0x00000000d1500000| 99%| O|  |TAMS 0x00000000d1400000| PB 0x00000000d1400000| Untracked 
| 277|0x00000000d1500000, 0x00000000d1600000, 0x00000000d1600000|100%| O|  |TAMS 0x00000000d1500000| PB 0x00000000d1500000| Untracked 
| 278|0x00000000d1600000, 0x00000000d16fffd0, 0x00000000d1700000| 99%| O|  |TAMS 0x00000000d1600000| PB 0x00000000d1600000| Untracked 
| 279|0x00000000d1700000, 0x00000000d1800000, 0x00000000d1800000|100%| O|  |TAMS 0x00000000d1700000| PB 0x00000000d1700000| Untracked 
| 280|0x00000000d1800000, 0x00000000d1900000, 0x00000000d1900000|100%| O|  |TAMS 0x00000000d1800000| PB 0x00000000d1800000| Untracked 
| 281|0x00000000d1900000, 0x00000000d1a00000, 0x00000000d1a00000|100%|HS|  |TAMS 0x00000000d1900000| PB 0x00000000d1900000| Complete 
| 282|0x00000000d1a00000, 0x00000000d1b00000, 0x00000000d1b00000|100%| O|  |TAMS 0x00000000d1a00000| PB 0x00000000d1a00000| Untracked 
| 283|0x00000000d1b00000, 0x00000000d1bff790, 0x00000000d1c00000| 99%| O|  |TAMS 0x00000000d1b00000| PB 0x00000000d1b00000| Untracked 
| 284|0x00000000d1c00000, 0x00000000d1cfffd0, 0x00000000d1d00000| 99%| O|  |TAMS 0x00000000d1c00000| PB 0x00000000d1c00000| Untracked 
| 285|0x00000000d1d00000, 0x00000000d1e00000, 0x00000000d1e00000|100%| O|  |TAMS 0x00000000d1d00000| PB 0x00000000d1d00000| Untracked 
| 286|0x00000000d1e00000, 0x00000000d1f00000, 0x00000000d1f00000|100%| O|  |TAMS 0x00000000d1e00000| PB 0x00000000d1e00000| Untracked 
| 287|0x00000000d1f00000, 0x00000000d1fffff0, 0x00000000d2000000| 99%| O|  |TAMS 0x00000000d1f00000| PB 0x00000000d1f00000| Untracked 
| 288|0x00000000d2000000, 0x00000000d20fffa8, 0x00000000d2100000| 99%| O|  |TAMS 0x00000000d2000000| PB 0x00000000d2000000| Untracked 
| 289|0x00000000d2100000, 0x00000000d21fffc0, 0x00000000d2200000| 99%| O|  |TAMS 0x00000000d2100000| PB 0x00000000d2100000| Untracked 
| 290|0x00000000d2200000, 0x00000000d2300000, 0x00000000d2300000|100%| O|  |TAMS 0x00000000d2200000| PB 0x00000000d2200000| Untracked 
| 291|0x00000000d2300000, 0x00000000d23fffc8, 0x00000000d2400000| 99%| O|  |TAMS 0x00000000d2300000| PB 0x00000000d2300000| Untracked 
| 292|0x00000000d2400000, 0x00000000d2500000, 0x00000000d2500000|100%| O|  |TAMS 0x00000000d2400000| PB 0x00000000d2400000| Untracked 
| 293|0x00000000d2500000, 0x00000000d2600000, 0x00000000d2600000|100%| O|  |TAMS 0x00000000d2500000| PB 0x00000000d2500000| Untracked 
| 294|0x00000000d2600000, 0x00000000d2700000, 0x00000000d2700000|100%| O|  |TAMS 0x00000000d2600000| PB 0x00000000d2600000| Untracked 
| 295|0x00000000d2700000, 0x00000000d2800000, 0x00000000d2800000|100%| O|  |TAMS 0x00000000d2700000| PB 0x00000000d2700000| Untracked 
| 296|0x00000000d2800000, 0x00000000d2900000, 0x00000000d2900000|100%|HS|  |TAMS 0x00000000d2800000| PB 0x00000000d2800000| Complete 
| 297|0x00000000d2900000, 0x00000000d2a00000, 0x00000000d2a00000|100%|HC|  |TAMS 0x00000000d2900000| PB 0x00000000d2900000| Complete 
| 298|0x00000000d2a00000, 0x00000000d2affff8, 0x00000000d2b00000| 99%| O|  |TAMS 0x00000000d2a00000| PB 0x00000000d2a00000| Untracked 
| 299|0x00000000d2b00000, 0x00000000d2bfffe8, 0x00000000d2c00000| 99%| O|  |TAMS 0x00000000d2b00000| PB 0x00000000d2b00000| Untracked 
| 300|0x00000000d2c00000, 0x00000000d2d00000, 0x00000000d2d00000|100%| O|  |TAMS 0x00000000d2c00000| PB 0x00000000d2c00000| Untracked 
| 301|0x00000000d2d00000, 0x00000000d2dffff0, 0x00000000d2e00000| 99%| O|  |TAMS 0x00000000d2d00000| PB 0x00000000d2d00000| Untracked 
| 302|0x00000000d2e00000, 0x00000000d2effe48, 0x00000000d2f00000| 99%| O|  |TAMS 0x00000000d2e00000| PB 0x00000000d2e00000| Untracked 
| 303|0x00000000d2f00000, 0x00000000d3000000, 0x00000000d3000000|100%| O|  |TAMS 0x00000000d2f00000| PB 0x00000000d2f00000| Untracked 
| 304|0x00000000d3000000, 0x00000000d3100000, 0x00000000d3100000|100%| O|  |TAMS 0x00000000d3000000| PB 0x00000000d3000000| Untracked 
| 305|0x00000000d3100000, 0x00000000d31ffdc0, 0x00000000d3200000| 99%| O|  |TAMS 0x00000000d3100000| PB 0x00000000d3100000| Untracked 
| 306|0x00000000d3200000, 0x00000000d32ffff8, 0x00000000d3300000| 99%| O|  |TAMS 0x00000000d3200000| PB 0x00000000d3200000| Untracked 
| 307|0x00000000d3300000, 0x00000000d3400000, 0x00000000d3400000|100%|HS|  |TAMS 0x00000000d3300000| PB 0x00000000d3300000| Complete 
| 308|0x00000000d3400000, 0x00000000d34ff558, 0x00000000d3500000| 99%| O|  |TAMS 0x00000000d3400000| PB 0x00000000d3400000| Untracked 
| 309|0x00000000d3500000, 0x00000000d35fffe0, 0x00000000d3600000| 99%| O|  |TAMS 0x00000000d3500000| PB 0x00000000d3500000| Untracked 
| 310|0x00000000d3600000, 0x00000000d36fffc0, 0x00000000d3700000| 99%| O|  |TAMS 0x00000000d3600000| PB 0x00000000d3600000| Untracked 
| 311|0x00000000d3700000, 0x00000000d37fffd8, 0x00000000d3800000| 99%| O|  |TAMS 0x00000000d3700000| PB 0x00000000d3700000| Untracked 
| 312|0x00000000d3800000, 0x00000000d38ffff0, 0x00000000d3900000| 99%| O|  |TAMS 0x00000000d3800000| PB 0x00000000d3800000| Untracked 
| 313|0x00000000d3900000, 0x00000000d39fffc0, 0x00000000d3a00000| 99%| O|  |TAMS 0x00000000d3900000| PB 0x00000000d3900000| Untracked 
| 314|0x00000000d3a00000, 0x00000000d3afffe0, 0x00000000d3b00000| 99%| O|  |TAMS 0x00000000d3a00000| PB 0x00000000d3a00000| Untracked 
| 315|0x00000000d3b00000, 0x00000000d3bfffe0, 0x00000000d3c00000| 99%| O|  |TAMS 0x00000000d3b00000| PB 0x00000000d3b00000| Untracked 
| 316|0x00000000d3c00000, 0x00000000d3cfffe0, 0x00000000d3d00000| 99%| O|  |TAMS 0x00000000d3c00000| PB 0x00000000d3c00000| Untracked 
| 317|0x00000000d3d00000, 0x00000000d3e00000, 0x00000000d3e00000|100%| O|  |TAMS 0x00000000d3d00000| PB 0x00000000d3d00000| Untracked 
| 318|0x00000000d3e00000, 0x00000000d3f00000, 0x00000000d3f00000|100%| O|  |TAMS 0x00000000d3e00000| PB 0x00000000d3e00000| Untracked 
| 319|0x00000000d3f00000, 0x00000000d3ffffe8, 0x00000000d4000000| 99%| O|  |TAMS 0x00000000d3f00000| PB 0x00000000d3f00000| Untracked 
| 320|0x00000000d4000000, 0x00000000d4100000, 0x00000000d4100000|100%|HS|  |TAMS 0x00000000d4000000| PB 0x00000000d4000000| Untracked 
| 321|0x00000000d4100000, 0x00000000d41f8618, 0x00000000d4200000| 97%| O|  |TAMS 0x00000000d4100000| PB 0x00000000d4100000| Untracked 
| 322|0x00000000d4200000, 0x00000000d42ffff0, 0x00000000d4300000| 99%| O|  |TAMS 0x00000000d4200000| PB 0x00000000d4200000| Untracked 
| 323|0x00000000d4300000, 0x00000000d4400000, 0x00000000d4400000|100%| O|  |TAMS 0x00000000d4300000| PB 0x00000000d4300000| Untracked 
| 324|0x00000000d4400000, 0x00000000d44fffd8, 0x00000000d4500000| 99%| O|  |TAMS 0x00000000d4400000| PB 0x00000000d4400000| Untracked 
| 325|0x00000000d4500000, 0x00000000d45ffff0, 0x00000000d4600000| 99%| O|  |TAMS 0x00000000d4500000| PB 0x00000000d4500000| Untracked 
| 326|0x00000000d4600000, 0x00000000d46fffd8, 0x00000000d4700000| 99%| O|  |TAMS 0x00000000d4600000| PB 0x00000000d4600000| Untracked 
| 327|0x00000000d4700000, 0x00000000d47fcb30, 0x00000000d4800000| 98%| O|  |TAMS 0x00000000d4700000| PB 0x00000000d4700000| Untracked 
| 328|0x00000000d4800000, 0x00000000d48fe4c8, 0x00000000d4900000| 99%| O|  |TAMS 0x00000000d4800000| PB 0x00000000d4800000| Untracked 
| 329|0x00000000d4900000, 0x00000000d49ffba8, 0x00000000d4a00000| 99%| O|  |TAMS 0x00000000d4900000| PB 0x00000000d4900000| Untracked 
| 330|0x00000000d4a00000, 0x00000000d4affff0, 0x00000000d4b00000| 99%| O|  |TAMS 0x00000000d4a00000| PB 0x00000000d4a00000| Untracked 
| 331|0x00000000d4b00000, 0x00000000d4bffff8, 0x00000000d4c00000| 99%| O|  |TAMS 0x00000000d4b00000| PB 0x00000000d4b00000| Untracked 
| 332|0x00000000d4c00000, 0x00000000d4d00000, 0x00000000d4d00000|100%| O|  |TAMS 0x00000000d4c00000| PB 0x00000000d4c00000| Untracked 
| 333|0x00000000d4d00000, 0x00000000d4e00000, 0x00000000d4e00000|100%| O|  |TAMS 0x00000000d4d00000| PB 0x00000000d4d00000| Untracked 
| 334|0x00000000d4e00000, 0x00000000d4effff8, 0x00000000d4f00000| 99%| O|  |TAMS 0x00000000d4e00000| PB 0x00000000d4e00000| Untracked 
| 335|0x00000000d4f00000, 0x00000000d4fffff8, 0x00000000d5000000| 99%| O|  |TAMS 0x00000000d4f00000| PB 0x00000000d4f00000| Untracked 
| 336|0x00000000d5000000, 0x00000000d50ffff0, 0x00000000d5100000| 99%| O|  |TAMS 0x00000000d5000000| PB 0x00000000d5000000| Untracked 
| 337|0x00000000d5100000, 0x00000000d51fff98, 0x00000000d5200000| 99%| O|  |TAMS 0x00000000d5100000| PB 0x00000000d5100000| Untracked 
| 338|0x00000000d5200000, 0x00000000d5300000, 0x00000000d5300000|100%| O|  |TAMS 0x00000000d5200000| PB 0x00000000d5200000| Untracked 
| 339|0x00000000d5300000, 0x00000000d53fff00, 0x00000000d5400000| 99%| O|  |TAMS 0x00000000d5300000| PB 0x00000000d5300000| Untracked 
| 340|0x00000000d5400000, 0x00000000d5500000, 0x00000000d5500000|100%|HS|  |TAMS 0x00000000d5400000| PB 0x00000000d5400000| Complete 
| 341|0x00000000d5500000, 0x00000000d55fffe8, 0x00000000d5600000| 99%| O|  |TAMS 0x00000000d5500000| PB 0x00000000d5500000| Untracked 
| 342|0x00000000d5600000, 0x00000000d56ffb60, 0x00000000d5700000| 99%| O|  |TAMS 0x00000000d5600000| PB 0x00000000d5600000| Untracked 
| 343|0x00000000d5700000, 0x00000000d57fffe8, 0x00000000d5800000| 99%| O|  |TAMS 0x00000000d5700000| PB 0x00000000d5700000| Untracked 
| 344|0x00000000d5800000, 0x00000000d58ffff8, 0x00000000d5900000| 99%| O|  |TAMS 0x00000000d5800000| PB 0x00000000d5800000| Untracked 
| 345|0x00000000d5900000, 0x00000000d59ffe90, 0x00000000d5a00000| 99%| O|  |TAMS 0x00000000d5900000| PB 0x00000000d5900000| Untracked 
| 346|0x00000000d5a00000, 0x00000000d5afffc8, 0x00000000d5b00000| 99%| O|  |TAMS 0x00000000d5a00000| PB 0x00000000d5a00000| Untracked 
| 347|0x00000000d5b00000, 0x00000000d5bffff8, 0x00000000d5c00000| 99%| O|  |TAMS 0x00000000d5b00000| PB 0x00000000d5b00000| Untracked 
| 348|0x00000000d5c00000, 0x00000000d5cffff8, 0x00000000d5d00000| 99%| O|  |TAMS 0x00000000d5c00000| PB 0x00000000d5c00000| Untracked 
| 349|0x00000000d5d00000, 0x00000000d5df9830, 0x00000000d5e00000| 97%| O|  |TAMS 0x00000000d5d00000| PB 0x00000000d5d00000| Untracked 
| 350|0x00000000d5e00000, 0x00000000d5effff8, 0x00000000d5f00000| 99%| O|  |TAMS 0x00000000d5e00000| PB 0x00000000d5e00000| Untracked 
| 351|0x00000000d5f00000, 0x00000000d5ffffd8, 0x00000000d6000000| 99%| O|  |TAMS 0x00000000d5f00000| PB 0x00000000d5f00000| Untracked 
| 352|0x00000000d6000000, 0x00000000d60fff10, 0x00000000d6100000| 99%| O|  |TAMS 0x00000000d6000000| PB 0x00000000d6000000| Untracked 
| 353|0x00000000d6100000, 0x00000000d61ffff8, 0x00000000d6200000| 99%| O|  |TAMS 0x00000000d6100000| PB 0x00000000d6100000| Untracked 
| 354|0x00000000d6200000, 0x00000000d6300000, 0x00000000d6300000|100%| O|  |TAMS 0x00000000d6200000| PB 0x00000000d6200000| Untracked 
| 355|0x00000000d6300000, 0x00000000d63fffa8, 0x00000000d6400000| 99%| O|  |TAMS 0x00000000d6300000| PB 0x00000000d6300000| Untracked 
| 356|0x00000000d6400000, 0x00000000d64ffff8, 0x00000000d6500000| 99%| O|  |TAMS 0x00000000d6400000| PB 0x00000000d6400000| Untracked 
| 357|0x00000000d6500000, 0x00000000d65ffff0, 0x00000000d6600000| 99%| O|  |TAMS 0x00000000d6500000| PB 0x00000000d6500000| Untracked 
| 358|0x00000000d6600000, 0x00000000d66ffff0, 0x00000000d6700000| 99%| O|  |TAMS 0x00000000d6600000| PB 0x00000000d6600000| Untracked 
| 359|0x00000000d6700000, 0x00000000d67fffe0, 0x00000000d6800000| 99%| O|  |TAMS 0x00000000d6700000| PB 0x00000000d6700000| Untracked 
| 360|0x00000000d6800000, 0x00000000d68fff68, 0x00000000d6900000| 99%| O|  |TAMS 0x00000000d6800000| PB 0x00000000d6800000| Untracked 
| 361|0x00000000d6900000, 0x00000000d69fffd0, 0x00000000d6a00000| 99%| O|  |TAMS 0x00000000d6900000| PB 0x00000000d6900000| Untracked 
| 362|0x00000000d6a00000, 0x00000000d6afffd8, 0x00000000d6b00000| 99%| O|  |TAMS 0x00000000d6a00000| PB 0x00000000d6a00000| Untracked 
| 363|0x00000000d6b00000, 0x00000000d6bffff0, 0x00000000d6c00000| 99%| O|  |TAMS 0x00000000d6b00000| PB 0x00000000d6b00000| Untracked 
| 364|0x00000000d6c00000, 0x00000000d6cffff0, 0x00000000d6d00000| 99%| O|  |TAMS 0x00000000d6c00000| PB 0x00000000d6c00000| Untracked 
| 365|0x00000000d6d00000, 0x00000000d6dffff0, 0x00000000d6e00000| 99%| O|  |TAMS 0x00000000d6d00000| PB 0x00000000d6d00000| Untracked 
| 366|0x00000000d6e00000, 0x00000000d6f00000, 0x00000000d6f00000|100%|HS|  |TAMS 0x00000000d6e00000| PB 0x00000000d6e00000| Complete 
| 367|0x00000000d6f00000, 0x00000000d7000000, 0x00000000d7000000|100%|HC|  |TAMS 0x00000000d6f00000| PB 0x00000000d6f00000| Complete 
| 368|0x00000000d7000000, 0x00000000d7100000, 0x00000000d7100000|100%|HC|  |TAMS 0x00000000d7000000| PB 0x00000000d7000000| Complete 
| 369|0x00000000d7100000, 0x00000000d7200000, 0x00000000d7200000|100%|HC|  |TAMS 0x00000000d7100000| PB 0x00000000d7100000| Complete 
| 370|0x00000000d7200000, 0x00000000d7300000, 0x00000000d7300000|100%|HC|  |TAMS 0x00000000d7200000| PB 0x00000000d7200000| Complete 
| 371|0x00000000d7300000, 0x00000000d7400000, 0x00000000d7400000|100%|HC|  |TAMS 0x00000000d7300000| PB 0x00000000d7300000| Complete 
| 372|0x00000000d7400000, 0x00000000d74ffff0, 0x00000000d7500000| 99%| O|  |TAMS 0x00000000d7400000| PB 0x00000000d7400000| Untracked 
| 373|0x00000000d7500000, 0x00000000d75fe270, 0x00000000d7600000| 99%| O|  |TAMS 0x00000000d7500000| PB 0x00000000d7500000| Untracked 
| 374|0x00000000d7600000, 0x00000000d76ffff8, 0x00000000d7700000| 99%| O|  |TAMS 0x00000000d7600000| PB 0x00000000d7600000| Untracked 
| 375|0x00000000d7700000, 0x00000000d7800000, 0x00000000d7800000|100%| O|  |TAMS 0x00000000d7700000| PB 0x00000000d7700000| Untracked 
| 376|0x00000000d7800000, 0x00000000d78fffc8, 0x00000000d7900000| 99%| O|  |TAMS 0x00000000d7800000| PB 0x00000000d7800000| Untracked 
| 377|0x00000000d7900000, 0x00000000d79fffb8, 0x00000000d7a00000| 99%| O|  |TAMS 0x00000000d7900000| PB 0x00000000d7900000| Untracked 
| 378|0x00000000d7a00000, 0x00000000d7affff8, 0x00000000d7b00000| 99%| O|  |TAMS 0x00000000d7a00000| PB 0x00000000d7a00000| Untracked 
| 379|0x00000000d7b00000, 0x00000000d7c00000, 0x00000000d7c00000|100%| O|  |TAMS 0x00000000d7b00000| PB 0x00000000d7b00000| Untracked 
| 380|0x00000000d7c00000, 0x00000000d7cfffe0, 0x00000000d7d00000| 99%| O|  |TAMS 0x00000000d7c00000| PB 0x00000000d7c00000| Untracked 
| 381|0x00000000d7d00000, 0x00000000d7dffff8, 0x00000000d7e00000| 99%| O|  |TAMS 0x00000000d7d00000| PB 0x00000000d7d00000| Untracked 
| 382|0x00000000d7e00000, 0x00000000d7effff0, 0x00000000d7f00000| 99%| O|  |TAMS 0x00000000d7e00000| PB 0x00000000d7e00000| Untracked 
| 383|0x00000000d7f00000, 0x00000000d7ffffe8, 0x00000000d8000000| 99%| O|  |TAMS 0x00000000d7f00000| PB 0x00000000d7f00000| Untracked 
| 384|0x00000000d8000000, 0x00000000d80fffe0, 0x00000000d8100000| 99%| O|  |TAMS 0x00000000d8000000| PB 0x00000000d8000000| Untracked 
| 385|0x00000000d8100000, 0x00000000d81ffff0, 0x00000000d8200000| 99%| O|  |TAMS 0x00000000d8100000| PB 0x00000000d8100000| Untracked 
| 386|0x00000000d8200000, 0x00000000d82ffff8, 0x00000000d8300000| 99%| O|  |TAMS 0x00000000d8200000| PB 0x00000000d8200000| Untracked 
| 387|0x00000000d8300000, 0x00000000d83ffff8, 0x00000000d8400000| 99%| O|  |TAMS 0x00000000d8300000| PB 0x00000000d8300000| Untracked 
| 388|0x00000000d8400000, 0x00000000d84fffd8, 0x00000000d8500000| 99%| O|  |TAMS 0x00000000d8400000| PB 0x00000000d8400000| Untracked 
| 389|0x00000000d8500000, 0x00000000d85ffff0, 0x00000000d8600000| 99%| O|  |TAMS 0x00000000d8500000| PB 0x00000000d8500000| Untracked 
| 390|0x00000000d8600000, 0x00000000d8700000, 0x00000000d8700000|100%| O|  |TAMS 0x00000000d8600000| PB 0x00000000d8600000| Untracked 
| 391|0x00000000d8700000, 0x00000000d87ffff8, 0x00000000d8800000| 99%| O|  |TAMS 0x00000000d8700000| PB 0x00000000d8700000| Untracked 
| 392|0x00000000d8800000, 0x00000000d8900000, 0x00000000d8900000|100%| O|  |TAMS 0x00000000d8800000| PB 0x00000000d8800000| Untracked 
| 393|0x00000000d8900000, 0x00000000d8a00000, 0x00000000d8a00000|100%|HS|  |TAMS 0x00000000d8900000| PB 0x00000000d8900000| Complete 
| 394|0x00000000d8a00000, 0x00000000d8b00000, 0x00000000d8b00000|100%|HC|  |TAMS 0x00000000d8a00000| PB 0x00000000d8a00000| Complete 
| 395|0x00000000d8b00000, 0x00000000d8bfe008, 0x00000000d8c00000| 99%| O|  |TAMS 0x00000000d8b00000| PB 0x00000000d8b00000| Untracked 
| 396|0x00000000d8c00000, 0x00000000d8cfde58, 0x00000000d8d00000| 99%| O|  |TAMS 0x00000000d8c00000| PB 0x00000000d8c00000| Untracked 
| 397|0x00000000d8d00000, 0x00000000d8dfddd0, 0x00000000d8e00000| 99%| O|  |TAMS 0x00000000d8d00000| PB 0x00000000d8d00000| Untracked 
| 398|0x00000000d8e00000, 0x00000000d8f00000, 0x00000000d8f00000|100%| O|  |TAMS 0x00000000d8e00000| PB 0x00000000d8e00000| Untracked 
| 399|0x00000000d8f00000, 0x00000000d8ffffe8, 0x00000000d9000000| 99%| O|  |TAMS 0x00000000d8f00000| PB 0x00000000d8f00000| Untracked 
| 400|0x00000000d9000000, 0x00000000d90ffff0, 0x00000000d9100000| 99%| O|  |TAMS 0x00000000d9000000| PB 0x00000000d9000000| Untracked 
| 401|0x00000000d9100000, 0x00000000d91ff658, 0x00000000d9200000| 99%| O|  |TAMS 0x00000000d9100000| PB 0x00000000d9100000| Untracked 
| 402|0x00000000d9200000, 0x00000000d92ffff8, 0x00000000d9300000| 99%| O|  |TAMS 0x00000000d9200000| PB 0x00000000d9200000| Untracked 
| 403|0x00000000d9300000, 0x00000000d93ffff8, 0x00000000d9400000| 99%| O|  |TAMS 0x00000000d9300000| PB 0x00000000d9300000| Untracked 
| 404|0x00000000d9400000, 0x00000000d94e4a30, 0x00000000d9500000| 89%| O|  |TAMS 0x00000000d9400000| PB 0x00000000d9400000| Untracked 
| 405|0x00000000d9500000, 0x00000000d95fffe8, 0x00000000d9600000| 99%| O|  |TAMS 0x00000000d9500000| PB 0x00000000d9500000| Untracked 
| 406|0x00000000d9600000, 0x00000000d9700000, 0x00000000d9700000|100%| O|  |TAMS 0x00000000d9600000| PB 0x00000000d9600000| Untracked 
| 407|0x00000000d9700000, 0x00000000d97fffd0, 0x00000000d9800000| 99%| O|  |TAMS 0x00000000d9700000| PB 0x00000000d9700000| Untracked 
| 408|0x00000000d9800000, 0x00000000d98ffff0, 0x00000000d9900000| 99%| O|  |TAMS 0x00000000d9800000| PB 0x00000000d9800000| Untracked 
| 409|0x00000000d9900000, 0x00000000d99fffa0, 0x00000000d9a00000| 99%| O|  |TAMS 0x00000000d9900000| PB 0x00000000d9900000| Untracked 
| 410|0x00000000d9a00000, 0x00000000d9a93998, 0x00000000d9b00000| 57%| O|  |TAMS 0x00000000d9a00000| PB 0x00000000d9a00000| Untracked 
| 411|0x00000000d9b00000, 0x00000000d9bfee08, 0x00000000d9c00000| 99%| O|  |TAMS 0x00000000d9b00000| PB 0x00000000d9b00000| Untracked 
| 412|0x00000000d9c00000, 0x00000000d9ccfec0, 0x00000000d9d00000| 81%| O|  |TAMS 0x00000000d9c00000| PB 0x00000000d9c00000| Untracked 
| 413|0x00000000d9d00000, 0x00000000d9de7fb0, 0x00000000d9e00000| 90%| O|  |TAMS 0x00000000d9d00000| PB 0x00000000d9d00000| Untracked 
| 414|0x00000000d9e00000, 0x00000000d9efffd8, 0x00000000d9f00000| 99%| O|  |TAMS 0x00000000d9e00000| PB 0x00000000d9e00000| Untracked 
| 415|0x00000000d9f00000, 0x00000000d9fe1998, 0x00000000da000000| 88%| O|  |TAMS 0x00000000d9f00000| PB 0x00000000d9f00000| Untracked 
| 416|0x00000000da000000, 0x00000000da100000, 0x00000000da100000|100%|HS|  |TAMS 0x00000000da000000| PB 0x00000000da000000| Complete 
| 417|0x00000000da100000, 0x00000000da1f58f8, 0x00000000da200000| 95%| O|  |TAMS 0x00000000da100000| PB 0x00000000da100000| Untracked 
| 418|0x00000000da200000, 0x00000000da300000, 0x00000000da300000|100%|HS|  |TAMS 0x00000000da200000| PB 0x00000000da200000| Complete 
| 419|0x00000000da300000, 0x00000000da400000, 0x00000000da400000|100%|HS|  |TAMS 0x00000000da300000| PB 0x00000000da300000| Complete 
| 420|0x00000000da400000, 0x00000000da500000, 0x00000000da500000|100%|HS|  |TAMS 0x00000000da400000| PB 0x00000000da400000| Complete 
| 421|0x00000000da500000, 0x00000000da5ea990, 0x00000000da600000| 91%| O|Cm|TAMS 0x00000000da500000| PB 0x00000000da500000| Complete 
| 422|0x00000000da600000, 0x00000000da600000, 0x00000000da700000|  0%| F|  |TAMS 0x00000000da600000| PB 0x00000000da600000| Untracked 
| 423|0x00000000da700000, 0x00000000da700000, 0x00000000da800000|  0%| F|  |TAMS 0x00000000da700000| PB 0x00000000da700000| Untracked 
| 424|0x00000000da800000, 0x00000000da800000, 0x00000000da900000|  0%| F|  |TAMS 0x00000000da800000| PB 0x00000000da800000| Untracked 
| 425|0x00000000da900000, 0x00000000da900000, 0x00000000daa00000|  0%| F|  |TAMS 0x00000000da900000| PB 0x00000000da900000| Untracked 
| 426|0x00000000daa00000, 0x00000000daa00000, 0x00000000dab00000|  0%| F|  |TAMS 0x00000000daa00000| PB 0x00000000daa00000| Untracked 
| 427|0x00000000dab00000, 0x00000000dab00000, 0x00000000dac00000|  0%| F|  |TAMS 0x00000000dab00000| PB 0x00000000dab00000| Untracked 
| 428|0x00000000dac00000, 0x00000000dad00000, 0x00000000dad00000|100%|HS|  |TAMS 0x00000000dac00000| PB 0x00000000dac00000| Complete 
| 429|0x00000000dad00000, 0x00000000dae00000, 0x00000000dae00000|100%|HC|  |TAMS 0x00000000dad00000| PB 0x00000000dad00000| Complete 
| 430|0x00000000dae00000, 0x00000000dae9ade0, 0x00000000daf00000| 60%| O|Cm|TAMS 0x00000000dae00000| PB 0x00000000dae00000| Complete 
| 431|0x00000000daf00000, 0x00000000daf00000, 0x00000000db000000|  0%| F|  |TAMS 0x00000000daf00000| PB 0x00000000daf00000| Untracked 
| 432|0x00000000db000000, 0x00000000db000000, 0x00000000db100000|  0%| F|  |TAMS 0x00000000db000000| PB 0x00000000db000000| Untracked 
| 433|0x00000000db100000, 0x00000000db100000, 0x00000000db200000|  0%| F|  |TAMS 0x00000000db100000| PB 0x00000000db100000| Untracked 
| 434|0x00000000db200000, 0x00000000db21a350, 0x00000000db300000| 10%| O|  |TAMS 0x00000000db200000| PB 0x00000000db200000| Untracked 
| 435|0x00000000db300000, 0x00000000db300000, 0x00000000db400000|  0%| F|  |TAMS 0x00000000db300000| PB 0x00000000db300000| Untracked 
| 436|0x00000000db400000, 0x00000000db400000, 0x00000000db500000|  0%| F|  |TAMS 0x00000000db400000| PB 0x00000000db400000| Untracked 
| 437|0x00000000db500000, 0x00000000db500000, 0x00000000db600000|  0%| F|  |TAMS 0x00000000db500000| PB 0x00000000db500000| Untracked 
| 438|0x00000000db600000, 0x00000000db600000, 0x00000000db700000|  0%| F|  |TAMS 0x00000000db600000| PB 0x00000000db600000| Untracked 
| 439|0x00000000db700000, 0x00000000db700000, 0x00000000db800000|  0%| F|  |TAMS 0x00000000db700000| PB 0x00000000db700000| Untracked 
| 440|0x00000000db800000, 0x00000000db800000, 0x00000000db900000|  0%| F|  |TAMS 0x00000000db800000| PB 0x00000000db800000| Untracked 
| 441|0x00000000db900000, 0x00000000db900000, 0x00000000dba00000|  0%| F|  |TAMS 0x00000000db900000| PB 0x00000000db900000| Untracked 
| 442|0x00000000dba00000, 0x00000000dba00000, 0x00000000dbb00000|  0%| F|  |TAMS 0x00000000dba00000| PB 0x00000000dba00000| Untracked 
| 443|0x00000000dbb00000, 0x00000000dbb00000, 0x00000000dbc00000|  0%| F|  |TAMS 0x00000000dbb00000| PB 0x00000000dbb00000| Untracked 
| 444|0x00000000dbc00000, 0x00000000dbc00000, 0x00000000dbd00000|  0%| F|  |TAMS 0x00000000dbc00000| PB 0x00000000dbc00000| Untracked 
| 445|0x00000000dbd00000, 0x00000000dbe00000, 0x00000000dbe00000|100%| O|  |TAMS 0x00000000dbd00000| PB 0x00000000dbd00000| Untracked 
| 446|0x00000000dbe00000, 0x00000000dbf00000, 0x00000000dbf00000|100%| O|  |TAMS 0x00000000dbe00000| PB 0x00000000dbe00000| Untracked 
| 447|0x00000000dbf00000, 0x00000000dc000000, 0x00000000dc000000|100%| O|  |TAMS 0x00000000dbf00000| PB 0x00000000dbf00000| Untracked 
| 448|0x00000000dc000000, 0x00000000dc100000, 0x00000000dc100000|100%| O|  |TAMS 0x00000000dc000000| PB 0x00000000dc000000| Untracked 
| 449|0x00000000dc100000, 0x00000000dc200000, 0x00000000dc200000|100%| O|  |TAMS 0x00000000dc100000| PB 0x00000000dc100000| Untracked 
| 450|0x00000000dc200000, 0x00000000dc300000, 0x00000000dc300000|100%| O|  |TAMS 0x00000000dc200000| PB 0x00000000dc200000| Untracked 
| 451|0x00000000dc300000, 0x00000000dc300000, 0x00000000dc400000|  0%| F|  |TAMS 0x00000000dc300000| PB 0x00000000dc300000| Untracked 
| 452|0x00000000dc400000, 0x00000000dc500000, 0x00000000dc500000|100%| O|  |TAMS 0x00000000dc400000| PB 0x00000000dc400000| Untracked 
| 453|0x00000000dc500000, 0x00000000dc500000, 0x00000000dc600000|  0%| F|  |TAMS 0x00000000dc500000| PB 0x00000000dc500000| Untracked 
| 454|0x00000000dc600000, 0x00000000dc600000, 0x00000000dc700000|  0%| F|  |TAMS 0x00000000dc600000| PB 0x00000000dc600000| Untracked 
| 455|0x00000000dc700000, 0x00000000dc700000, 0x00000000dc800000|  0%| F|  |TAMS 0x00000000dc700000| PB 0x00000000dc700000| Untracked 
| 456|0x00000000dc800000, 0x00000000dc800000, 0x00000000dc900000|  0%| F|  |TAMS 0x00000000dc800000| PB 0x00000000dc800000| Untracked 
| 457|0x00000000dc900000, 0x00000000dc900000, 0x00000000dca00000|  0%| F|  |TAMS 0x00000000dc900000| PB 0x00000000dc900000| Untracked 
| 458|0x00000000dca00000, 0x00000000dca00000, 0x00000000dcb00000|  0%| F|  |TAMS 0x00000000dca00000| PB 0x00000000dca00000| Untracked 
| 459|0x00000000dcb00000, 0x00000000dcb00000, 0x00000000dcc00000|  0%| F|  |TAMS 0x00000000dcb00000| PB 0x00000000dcb00000| Untracked 
| 460|0x00000000dcc00000, 0x00000000dcc00000, 0x00000000dcd00000|  0%| F|  |TAMS 0x00000000dcc00000| PB 0x00000000dcc00000| Untracked 
| 461|0x00000000dcd00000, 0x00000000dcd00000, 0x00000000dce00000|  0%| F|  |TAMS 0x00000000dcd00000| PB 0x00000000dcd00000| Untracked 
| 462|0x00000000dce00000, 0x00000000dce00000, 0x00000000dcf00000|  0%| F|  |TAMS 0x00000000dce00000| PB 0x00000000dce00000| Untracked 
| 463|0x00000000dcf00000, 0x00000000dcf00000, 0x00000000dd000000|  0%| F|  |TAMS 0x00000000dcf00000| PB 0x00000000dcf00000| Untracked 
| 464|0x00000000dd000000, 0x00000000dd000000, 0x00000000dd100000|  0%| F|  |TAMS 0x00000000dd000000| PB 0x00000000dd000000| Untracked 
| 465|0x00000000dd100000, 0x00000000dd100000, 0x00000000dd200000|  0%| F|  |TAMS 0x00000000dd100000| PB 0x00000000dd100000| Untracked 
| 466|0x00000000dd200000, 0x00000000dd200000, 0x00000000dd300000|  0%| F|  |TAMS 0x00000000dd200000| PB 0x00000000dd200000| Untracked 
| 467|0x00000000dd300000, 0x00000000dd300000, 0x00000000dd400000|  0%| F|  |TAMS 0x00000000dd300000| PB 0x00000000dd300000| Untracked 
| 468|0x00000000dd400000, 0x00000000dd400000, 0x00000000dd500000|  0%| F|  |TAMS 0x00000000dd400000| PB 0x00000000dd400000| Untracked 
| 469|0x00000000dd500000, 0x00000000dd500000, 0x00000000dd600000|  0%| F|  |TAMS 0x00000000dd500000| PB 0x00000000dd500000| Untracked 
| 470|0x00000000dd600000, 0x00000000dd600000, 0x00000000dd700000|  0%| F|  |TAMS 0x00000000dd600000| PB 0x00000000dd600000| Untracked 
| 471|0x00000000dd700000, 0x00000000dd700000, 0x00000000dd800000|  0%| F|  |TAMS 0x00000000dd700000| PB 0x00000000dd700000| Untracked 
| 472|0x00000000dd800000, 0x00000000dd800000, 0x00000000dd900000|  0%| F|  |TAMS 0x00000000dd800000| PB 0x00000000dd800000| Untracked 
| 473|0x00000000dd900000, 0x00000000dd900000, 0x00000000dda00000|  0%| F|  |TAMS 0x00000000dd900000| PB 0x00000000dd900000| Untracked 
| 474|0x00000000dda00000, 0x00000000dda00000, 0x00000000ddb00000|  0%| F|  |TAMS 0x00000000dda00000| PB 0x00000000dda00000| Untracked 
| 475|0x00000000ddb00000, 0x00000000ddb00000, 0x00000000ddc00000|  0%| F|  |TAMS 0x00000000ddb00000| PB 0x00000000ddb00000| Untracked 
| 476|0x00000000ddc00000, 0x00000000ddc00000, 0x00000000ddd00000|  0%| F|  |TAMS 0x00000000ddc00000| PB 0x00000000ddc00000| Untracked 
| 477|0x00000000ddd00000, 0x00000000ddd00000, 0x00000000dde00000|  0%| F|  |TAMS 0x00000000ddd00000| PB 0x00000000ddd00000| Untracked 
| 478|0x00000000dde00000, 0x00000000dde00000, 0x00000000ddf00000|  0%| F|  |TAMS 0x00000000dde00000| PB 0x00000000dde00000| Untracked 
| 479|0x00000000ddf00000, 0x00000000ddf00000, 0x00000000de000000|  0%| F|  |TAMS 0x00000000ddf00000| PB 0x00000000ddf00000| Untracked 
| 480|0x00000000de000000, 0x00000000de000000, 0x00000000de100000|  0%| F|  |TAMS 0x00000000de000000| PB 0x00000000de000000| Untracked 
| 481|0x00000000de100000, 0x00000000de100000, 0x00000000de200000|  0%| F|  |TAMS 0x00000000de100000| PB 0x00000000de100000| Untracked 
| 482|0x00000000de200000, 0x00000000de200000, 0x00000000de300000|  0%| F|  |TAMS 0x00000000de200000| PB 0x00000000de200000| Untracked 
| 483|0x00000000de300000, 0x00000000de300000, 0x00000000de400000|  0%| F|  |TAMS 0x00000000de300000| PB 0x00000000de300000| Untracked 
| 484|0x00000000de400000, 0x00000000de400000, 0x00000000de500000|  0%| F|  |TAMS 0x00000000de400000| PB 0x00000000de400000| Untracked 
| 485|0x00000000de500000, 0x00000000de500000, 0x00000000de600000|  0%| F|  |TAMS 0x00000000de500000| PB 0x00000000de500000| Untracked 
| 486|0x00000000de600000, 0x00000000de600000, 0x00000000de700000|  0%| F|  |TAMS 0x00000000de600000| PB 0x00000000de600000| Untracked 
| 487|0x00000000de700000, 0x00000000de700000, 0x00000000de800000|  0%| F|  |TAMS 0x00000000de700000| PB 0x00000000de700000| Untracked 
| 488|0x00000000de800000, 0x00000000de800000, 0x00000000de900000|  0%| F|  |TAMS 0x00000000de800000| PB 0x00000000de800000| Untracked 
| 489|0x00000000de900000, 0x00000000de900000, 0x00000000dea00000|  0%| F|  |TAMS 0x00000000de900000| PB 0x00000000de900000| Untracked 
| 490|0x00000000dea00000, 0x00000000dea00000, 0x00000000deb00000|  0%| F|  |TAMS 0x00000000dea00000| PB 0x00000000dea00000| Untracked 
| 491|0x00000000deb00000, 0x00000000deb00000, 0x00000000dec00000|  0%| F|  |TAMS 0x00000000deb00000| PB 0x00000000deb00000| Untracked 
| 492|0x00000000dec00000, 0x00000000dec00000, 0x00000000ded00000|  0%| F|  |TAMS 0x00000000dec00000| PB 0x00000000dec00000| Untracked 
| 493|0x00000000ded00000, 0x00000000ded00000, 0x00000000dee00000|  0%| F|  |TAMS 0x00000000ded00000| PB 0x00000000ded00000| Untracked 
| 494|0x00000000dee00000, 0x00000000dee00000, 0x00000000def00000|  0%| F|  |TAMS 0x00000000dee00000| PB 0x00000000dee00000| Untracked 
| 495|0x00000000def00000, 0x00000000def00000, 0x00000000df000000|  0%| F|  |TAMS 0x00000000def00000| PB 0x00000000def00000| Untracked 
| 496|0x00000000df000000, 0x00000000df000000, 0x00000000df100000|  0%| F|  |TAMS 0x00000000df000000| PB 0x00000000df000000| Untracked 
| 497|0x00000000df100000, 0x00000000df100000, 0x00000000df200000|  0%| F|  |TAMS 0x00000000df100000| PB 0x00000000df100000| Untracked 
| 498|0x00000000df200000, 0x00000000df200000, 0x00000000df300000|  0%| F|  |TAMS 0x00000000df200000| PB 0x00000000df200000| Untracked 
| 499|0x00000000df300000, 0x00000000df300000, 0x00000000df400000|  0%| F|  |TAMS 0x00000000df300000| PB 0x00000000df300000| Untracked 
| 500|0x00000000df400000, 0x00000000df400000, 0x00000000df500000|  0%| F|  |TAMS 0x00000000df400000| PB 0x00000000df400000| Untracked 
| 501|0x00000000df500000, 0x00000000df500000, 0x00000000df600000|  0%| F|  |TAMS 0x00000000df500000| PB 0x00000000df500000| Untracked 
| 502|0x00000000df600000, 0x00000000df600000, 0x00000000df700000|  0%| F|  |TAMS 0x00000000df600000| PB 0x00000000df600000| Untracked 
| 503|0x00000000df700000, 0x00000000df700000, 0x00000000df800000|  0%| F|  |TAMS 0x00000000df700000| PB 0x00000000df700000| Untracked 
| 504|0x00000000df800000, 0x00000000df800000, 0x00000000df900000|  0%| F|  |TAMS 0x00000000df800000| PB 0x00000000df800000| Untracked 
| 505|0x00000000df900000, 0x00000000df900000, 0x00000000dfa00000|  0%| F|  |TAMS 0x00000000df900000| PB 0x00000000df900000| Untracked 
| 506|0x00000000dfa00000, 0x00000000dfa00000, 0x00000000dfb00000|  0%| F|  |TAMS 0x00000000dfa00000| PB 0x00000000dfa00000| Untracked 
| 507|0x00000000dfb00000, 0x00000000dfb00000, 0x00000000dfc00000|  0%| F|  |TAMS 0x00000000dfb00000| PB 0x00000000dfb00000| Untracked 
| 508|0x00000000dfc00000, 0x00000000dfc00000, 0x00000000dfd00000|  0%| F|  |TAMS 0x00000000dfc00000| PB 0x00000000dfc00000| Untracked 
| 509|0x00000000dfd00000, 0x00000000dfd00000, 0x00000000dfe00000|  0%| F|  |TAMS 0x00000000dfd00000| PB 0x00000000dfd00000| Untracked 
| 510|0x00000000dfe00000, 0x00000000dfe00000, 0x00000000dff00000|  0%| F|  |TAMS 0x00000000dfe00000| PB 0x00000000dfe00000| Untracked 
| 511|0x00000000dff00000, 0x00000000dff00000, 0x00000000e0000000|  0%| F|  |TAMS 0x00000000dff00000| PB 0x00000000dff00000| Untracked 
| 512|0x00000000e0000000, 0x00000000e0000000, 0x00000000e0100000|  0%| F|  |TAMS 0x00000000e0000000| PB 0x00000000e0000000| Untracked 
| 513|0x00000000e0100000, 0x00000000e01b2f78, 0x00000000e0200000| 69%| E|  |TAMS 0x00000000e0100000| PB 0x00000000e0100000| Complete 
| 514|0x00000000e0200000, 0x00000000e0300000, 0x00000000e0300000|100%| E|CS|TAMS 0x00000000e0200000| PB 0x00000000e0200000| Complete 
| 515|0x00000000e0300000, 0x00000000e0400000, 0x00000000e0400000|100%| E|CS|TAMS 0x00000000e0300000| PB 0x00000000e0300000| Complete 
| 516|0x00000000e0400000, 0x00000000e0500000, 0x00000000e0500000|100%| E|CS|TAMS 0x00000000e0400000| PB 0x00000000e0400000| Complete 
| 517|0x00000000e0500000, 0x00000000e0600000, 0x00000000e0600000|100%| E|CS|TAMS 0x00000000e0500000| PB 0x00000000e0500000| Complete 
| 518|0x00000000e0600000, 0x00000000e0700000, 0x00000000e0700000|100%| E|CS|TAMS 0x00000000e0600000| PB 0x00000000e0600000| Complete 
| 519|0x00000000e0700000, 0x00000000e0800000, 0x00000000e0800000|100%| E|CS|TAMS 0x00000000e0700000| PB 0x00000000e0700000| Complete 
| 520|0x00000000e0800000, 0x00000000e0900000, 0x00000000e0900000|100%| E|CS|TAMS 0x00000000e0800000| PB 0x00000000e0800000| Complete 
| 521|0x00000000e0900000, 0x00000000e0a00000, 0x00000000e0a00000|100%| E|CS|TAMS 0x00000000e0900000| PB 0x00000000e0900000| Complete 
| 522|0x00000000e0a00000, 0x00000000e0b00000, 0x00000000e0b00000|100%| E|CS|TAMS 0x00000000e0a00000| PB 0x00000000e0a00000| Complete 
| 523|0x00000000e0b00000, 0x00000000e0c00000, 0x00000000e0c00000|100%| E|CS|TAMS 0x00000000e0b00000| PB 0x00000000e0b00000| Complete 
| 524|0x00000000e0c00000, 0x00000000e0d00000, 0x00000000e0d00000|100%| E|CS|TAMS 0x00000000e0c00000| PB 0x00000000e0c00000| Complete 
| 525|0x00000000e0d00000, 0x00000000e0e00000, 0x00000000e0e00000|100%| E|CS|TAMS 0x00000000e0d00000| PB 0x00000000e0d00000| Complete 
| 526|0x00000000e0e00000, 0x00000000e0f00000, 0x00000000e0f00000|100%| E|CS|TAMS 0x00000000e0e00000| PB 0x00000000e0e00000| Complete 
| 527|0x00000000e0f00000, 0x00000000e1000000, 0x00000000e1000000|100%| E|CS|TAMS 0x00000000e0f00000| PB 0x00000000e0f00000| Complete 
| 528|0x00000000e1000000, 0x00000000e1100000, 0x00000000e1100000|100%| E|CS|TAMS 0x00000000e1000000| PB 0x00000000e1000000| Complete 
| 529|0x00000000e1100000, 0x00000000e1200000, 0x00000000e1200000|100%| E|CS|TAMS 0x00000000e1100000| PB 0x00000000e1100000| Complete 
| 530|0x00000000e1200000, 0x00000000e1300000, 0x00000000e1300000|100%| E|CS|TAMS 0x00000000e1200000| PB 0x00000000e1200000| Complete 
| 531|0x00000000e1300000, 0x00000000e1400000, 0x00000000e1400000|100%| E|CS|TAMS 0x00000000e1300000| PB 0x00000000e1300000| Complete 
| 532|0x00000000e1400000, 0x00000000e1500000, 0x00000000e1500000|100%| E|CS|TAMS 0x00000000e1400000| PB 0x00000000e1400000| Complete 
| 533|0x00000000e1500000, 0x00000000e1600000, 0x00000000e1600000|100%| E|CS|TAMS 0x00000000e1500000| PB 0x00000000e1500000| Complete 
| 534|0x00000000e1600000, 0x00000000e1700000, 0x00000000e1700000|100%| E|CS|TAMS 0x00000000e1600000| PB 0x00000000e1600000| Complete 
| 535|0x00000000e1700000, 0x00000000e1800000, 0x00000000e1800000|100%| E|CS|TAMS 0x00000000e1700000| PB 0x00000000e1700000| Complete 
| 536|0x00000000e1800000, 0x00000000e1900000, 0x00000000e1900000|100%| E|CS|TAMS 0x00000000e1800000| PB 0x00000000e1800000| Complete 
| 537|0x00000000e1900000, 0x00000000e1a00000, 0x00000000e1a00000|100%| E|CS|TAMS 0x00000000e1900000| PB 0x00000000e1900000| Complete 
| 538|0x00000000e1a00000, 0x00000000e1b00000, 0x00000000e1b00000|100%| E|CS|TAMS 0x00000000e1a00000| PB 0x00000000e1a00000| Complete 
| 539|0x00000000e1b00000, 0x00000000e1c00000, 0x00000000e1c00000|100%| E|CS|TAMS 0x00000000e1b00000| PB 0x00000000e1b00000| Complete 
| 540|0x00000000e1c00000, 0x00000000e1d00000, 0x00000000e1d00000|100%| E|CS|TAMS 0x00000000e1c00000| PB 0x00000000e1c00000| Complete 
| 541|0x00000000e1d00000, 0x00000000e1e00000, 0x00000000e1e00000|100%| E|CS|TAMS 0x00000000e1d00000| PB 0x00000000e1d00000| Complete 
| 542|0x00000000e1e00000, 0x00000000e1f00000, 0x00000000e1f00000|100%| E|CS|TAMS 0x00000000e1e00000| PB 0x00000000e1e00000| Complete 
| 543|0x00000000e1f00000, 0x00000000e2000000, 0x00000000e2000000|100%| E|CS|TAMS 0x00000000e1f00000| PB 0x00000000e1f00000| Complete 
| 544|0x00000000e2000000, 0x00000000e2100000, 0x00000000e2100000|100%| E|CS|TAMS 0x00000000e2000000| PB 0x00000000e2000000| Complete 
| 545|0x00000000e2100000, 0x00000000e2200000, 0x00000000e2200000|100%| E|CS|TAMS 0x00000000e2100000| PB 0x00000000e2100000| Complete 
| 546|0x00000000e2200000, 0x00000000e2300000, 0x00000000e2300000|100%| E|CS|TAMS 0x00000000e2200000| PB 0x00000000e2200000| Complete 
| 547|0x00000000e2300000, 0x00000000e2400000, 0x00000000e2400000|100%| E|  |TAMS 0x00000000e2300000| PB 0x00000000e2300000| Complete 
| 548|0x00000000e2400000, 0x00000000e2500000, 0x00000000e2500000|100%| E|CS|TAMS 0x00000000e2400000| PB 0x00000000e2400000| Complete 
| 549|0x00000000e2500000, 0x00000000e2600000, 0x00000000e2600000|100%| E|CS|TAMS 0x00000000e2500000| PB 0x00000000e2500000| Complete 
| 550|0x00000000e2600000, 0x00000000e2700000, 0x00000000e2700000|100%| E|CS|TAMS 0x00000000e2600000| PB 0x00000000e2600000| Complete 
| 551|0x00000000e2700000, 0x00000000e2800000, 0x00000000e2800000|100%| E|CS|TAMS 0x00000000e2700000| PB 0x00000000e2700000| Complete 
| 552|0x00000000e2800000, 0x00000000e2900000, 0x00000000e2900000|100%| E|CS|TAMS 0x00000000e2800000| PB 0x00000000e2800000| Complete 
| 553|0x00000000e2900000, 0x00000000e2a00000, 0x00000000e2a00000|100%| E|CS|TAMS 0x00000000e2900000| PB 0x00000000e2900000| Complete 
| 554|0x00000000e2a00000, 0x00000000e2b00000, 0x00000000e2b00000|100%| E|CS|TAMS 0x00000000e2a00000| PB 0x00000000e2a00000| Complete 
| 555|0x00000000e2b00000, 0x00000000e2c00000, 0x00000000e2c00000|100%| E|CS|TAMS 0x00000000e2b00000| PB 0x00000000e2b00000| Complete 
| 556|0x00000000e2c00000, 0x00000000e2d00000, 0x00000000e2d00000|100%| E|CS|TAMS 0x00000000e2c00000| PB 0x00000000e2c00000| Complete 
| 557|0x00000000e2d00000, 0x00000000e2e00000, 0x00000000e2e00000|100%| E|CS|TAMS 0x00000000e2d00000| PB 0x00000000e2d00000| Complete 
| 558|0x00000000e2e00000, 0x00000000e2f00000, 0x00000000e2f00000|100%| E|CS|TAMS 0x00000000e2e00000| PB 0x00000000e2e00000| Complete 
| 559|0x00000000e2f00000, 0x00000000e3000000, 0x00000000e3000000|100%| E|CS|TAMS 0x00000000e2f00000| PB 0x00000000e2f00000| Complete 
| 560|0x00000000e3000000, 0x00000000e3100000, 0x00000000e3100000|100%| E|CS|TAMS 0x00000000e3000000| PB 0x00000000e3000000| Complete 
| 561|0x00000000e3100000, 0x00000000e3200000, 0x00000000e3200000|100%| E|CS|TAMS 0x00000000e3100000| PB 0x00000000e3100000| Complete 
| 562|0x00000000e3200000, 0x00000000e3300000, 0x00000000e3300000|100%| E|CS|TAMS 0x00000000e3200000| PB 0x00000000e3200000| Complete 
| 563|0x00000000e3300000, 0x00000000e3400000, 0x00000000e3400000|100%| E|CS|TAMS 0x00000000e3300000| PB 0x00000000e3300000| Complete 
| 564|0x00000000e3400000, 0x00000000e3500000, 0x00000000e3500000|100%| E|CS|TAMS 0x00000000e3400000| PB 0x00000000e3400000| Complete 
| 565|0x00000000e3500000, 0x00000000e3600000, 0x00000000e3600000|100%| E|CS|TAMS 0x00000000e3500000| PB 0x00000000e3500000| Complete 
| 566|0x00000000e3600000, 0x00000000e3700000, 0x00000000e3700000|100%| E|CS|TAMS 0x00000000e3600000| PB 0x00000000e3600000| Complete 
| 567|0x00000000e3700000, 0x00000000e3800000, 0x00000000e3800000|100%| E|CS|TAMS 0x00000000e3700000| PB 0x00000000e3700000| Complete 
| 568|0x00000000e3800000, 0x00000000e3900000, 0x00000000e3900000|100%| E|CS|TAMS 0x00000000e3800000| PB 0x00000000e3800000| Complete 
| 569|0x00000000e3900000, 0x00000000e3a00000, 0x00000000e3a00000|100%| E|CS|TAMS 0x00000000e3900000| PB 0x00000000e3900000| Complete 
| 570|0x00000000e3a00000, 0x00000000e3b00000, 0x00000000e3b00000|100%| E|CS|TAMS 0x00000000e3a00000| PB 0x00000000e3a00000| Complete 
| 571|0x00000000e3b00000, 0x00000000e3c00000, 0x00000000e3c00000|100%| E|CS|TAMS 0x00000000e3b00000| PB 0x00000000e3b00000| Complete 
| 572|0x00000000e3c00000, 0x00000000e3d00000, 0x00000000e3d00000|100%| E|CS|TAMS 0x00000000e3c00000| PB 0x00000000e3c00000| Complete 
| 573|0x00000000e3d00000, 0x00000000e3e00000, 0x00000000e3e00000|100%| E|CS|TAMS 0x00000000e3d00000| PB 0x00000000e3d00000| Complete 
| 574|0x00000000e3e00000, 0x00000000e3f00000, 0x00000000e3f00000|100%| E|CS|TAMS 0x00000000e3e00000| PB 0x00000000e3e00000| Complete 
| 575|0x00000000e3f00000, 0x00000000e4000000, 0x00000000e4000000|100%| E|CS|TAMS 0x00000000e3f00000| PB 0x00000000e3f00000| Complete 
| 576|0x00000000e4000000, 0x00000000e4100000, 0x00000000e4100000|100%| E|CS|TAMS 0x00000000e4000000| PB 0x00000000e4000000| Complete 
| 577|0x00000000e4100000, 0x00000000e4200000, 0x00000000e4200000|100%| E|CS|TAMS 0x00000000e4100000| PB 0x00000000e4100000| Complete 
| 578|0x00000000e4200000, 0x00000000e4300000, 0x00000000e4300000|100%| E|CS|TAMS 0x00000000e4200000| PB 0x00000000e4200000| Complete 
| 579|0x00000000e4300000, 0x00000000e4400000, 0x00000000e4400000|100%| E|CS|TAMS 0x00000000e4300000| PB 0x00000000e4300000| Complete 
| 580|0x00000000e4400000, 0x00000000e4500000, 0x00000000e4500000|100%| E|CS|TAMS 0x00000000e4400000| PB 0x00000000e4400000| Complete 
| 581|0x00000000e4500000, 0x00000000e4600000, 0x00000000e4600000|100%| E|CS|TAMS 0x00000000e4500000| PB 0x00000000e4500000| Complete 
| 582|0x00000000e4600000, 0x00000000e4700000, 0x00000000e4700000|100%| E|CS|TAMS 0x00000000e4600000| PB 0x00000000e4600000| Complete 
| 583|0x00000000e4700000, 0x00000000e4800000, 0x00000000e4800000|100%| E|CS|TAMS 0x00000000e4700000| PB 0x00000000e4700000| Complete 
| 584|0x00000000e4800000, 0x00000000e4900000, 0x00000000e4900000|100%| E|CS|TAMS 0x00000000e4800000| PB 0x00000000e4800000| Complete 
| 585|0x00000000e4900000, 0x00000000e4a00000, 0x00000000e4a00000|100%| E|CS|TAMS 0x00000000e4900000| PB 0x00000000e4900000| Complete 
| 586|0x00000000e4a00000, 0x00000000e4b00000, 0x00000000e4b00000|100%| E|CS|TAMS 0x00000000e4a00000| PB 0x00000000e4a00000| Complete 
| 587|0x00000000e4b00000, 0x00000000e4c00000, 0x00000000e4c00000|100%| E|CS|TAMS 0x00000000e4b00000| PB 0x00000000e4b00000| Complete 
| 588|0x00000000e4c00000, 0x00000000e4d00000, 0x00000000e4d00000|100%| E|CS|TAMS 0x00000000e4c00000| PB 0x00000000e4c00000| Complete 
| 589|0x00000000e4d00000, 0x00000000e4e00000, 0x00000000e4e00000|100%| E|CS|TAMS 0x00000000e4d00000| PB 0x00000000e4d00000| Complete 
| 590|0x00000000e4e00000, 0x00000000e4f00000, 0x00000000e4f00000|100%| E|CS|TAMS 0x00000000e4e00000| PB 0x00000000e4e00000| Complete 
| 591|0x00000000e4f00000, 0x00000000e5000000, 0x00000000e5000000|100%| E|CS|TAMS 0x00000000e4f00000| PB 0x00000000e4f00000| Complete 
| 592|0x00000000e5000000, 0x00000000e5100000, 0x00000000e5100000|100%| E|CS|TAMS 0x00000000e5000000| PB 0x00000000e5000000| Complete 
| 593|0x00000000e5100000, 0x00000000e5200000, 0x00000000e5200000|100%| E|CS|TAMS 0x00000000e5100000| PB 0x00000000e5100000| Complete 
| 594|0x00000000e5200000, 0x00000000e5300000, 0x00000000e5300000|100%| E|CS|TAMS 0x00000000e5200000| PB 0x00000000e5200000| Complete 
| 595|0x00000000e5300000, 0x00000000e5400000, 0x00000000e5400000|100%| E|CS|TAMS 0x00000000e5300000| PB 0x00000000e5300000| Complete 
| 596|0x00000000e5400000, 0x00000000e5500000, 0x00000000e5500000|100%| E|CS|TAMS 0x00000000e5400000| PB 0x00000000e5400000| Complete 
| 597|0x00000000e5500000, 0x00000000e5600000, 0x00000000e5600000|100%| E|CS|TAMS 0x00000000e5500000| PB 0x00000000e5500000| Complete 
| 598|0x00000000e5600000, 0x00000000e5700000, 0x00000000e5700000|100%| E|CS|TAMS 0x00000000e5600000| PB 0x00000000e5600000| Complete 
| 599|0x00000000e5700000, 0x00000000e5800000, 0x00000000e5800000|100%| E|CS|TAMS 0x00000000e5700000| PB 0x00000000e5700000| Complete 
| 600|0x00000000e5800000, 0x00000000e5900000, 0x00000000e5900000|100%| E|CS|TAMS 0x00000000e5800000| PB 0x00000000e5800000| Complete 
| 601|0x00000000e5900000, 0x00000000e5a00000, 0x00000000e5a00000|100%| E|CS|TAMS 0x00000000e5900000| PB 0x00000000e5900000| Complete 
| 602|0x00000000e5a00000, 0x00000000e5b00000, 0x00000000e5b00000|100%| E|CS|TAMS 0x00000000e5a00000| PB 0x00000000e5a00000| Complete 
| 603|0x00000000e5b00000, 0x00000000e5c00000, 0x00000000e5c00000|100%| E|CS|TAMS 0x00000000e5b00000| PB 0x00000000e5b00000| Complete 
| 604|0x00000000e5c00000, 0x00000000e5d00000, 0x00000000e5d00000|100%| E|CS|TAMS 0x00000000e5c00000| PB 0x00000000e5c00000| Complete 
| 605|0x00000000e5d00000, 0x00000000e5e00000, 0x00000000e5e00000|100%| E|CS|TAMS 0x00000000e5d00000| PB 0x00000000e5d00000| Complete 
| 606|0x00000000e5e00000, 0x00000000e5f00000, 0x00000000e5f00000|100%| E|CS|TAMS 0x00000000e5e00000| PB 0x00000000e5e00000| Complete 
| 607|0x00000000e5f00000, 0x00000000e6000000, 0x00000000e6000000|100%| E|CS|TAMS 0x00000000e5f00000| PB 0x00000000e5f00000| Complete 
| 608|0x00000000e6000000, 0x00000000e6100000, 0x00000000e6100000|100%| E|CS|TAMS 0x00000000e6000000| PB 0x00000000e6000000| Complete 
| 609|0x00000000e6100000, 0x00000000e6200000, 0x00000000e6200000|100%| E|CS|TAMS 0x00000000e6100000| PB 0x00000000e6100000| Complete 
| 610|0x00000000e6200000, 0x00000000e6300000, 0x00000000e6300000|100%| E|CS|TAMS 0x00000000e6200000| PB 0x00000000e6200000| Complete 
| 611|0x00000000e6300000, 0x00000000e6400000, 0x00000000e6400000|100%| E|CS|TAMS 0x00000000e6300000| PB 0x00000000e6300000| Complete 
| 612|0x00000000e6400000, 0x00000000e6500000, 0x00000000e6500000|100%| E|CS|TAMS 0x00000000e6400000| PB 0x00000000e6400000| Complete 
| 613|0x00000000e6500000, 0x00000000e6600000, 0x00000000e6600000|100%| E|CS|TAMS 0x00000000e6500000| PB 0x00000000e6500000| Complete 
| 614|0x00000000e6600000, 0x00000000e6700000, 0x00000000e6700000|100%| E|CS|TAMS 0x00000000e6600000| PB 0x00000000e6600000| Complete 
| 615|0x00000000e6700000, 0x00000000e6800000, 0x00000000e6800000|100%| E|CS|TAMS 0x00000000e6700000| PB 0x00000000e6700000| Complete 
| 616|0x00000000e6800000, 0x00000000e6900000, 0x00000000e6900000|100%| E|CS|TAMS 0x00000000e6800000| PB 0x00000000e6800000| Complete 
| 617|0x00000000e6900000, 0x00000000e6a00000, 0x00000000e6a00000|100%| E|CS|TAMS 0x00000000e6900000| PB 0x00000000e6900000| Complete 
| 618|0x00000000e6a00000, 0x00000000e6b00000, 0x00000000e6b00000|100%| E|CS|TAMS 0x00000000e6a00000| PB 0x00000000e6a00000| Complete 
| 619|0x00000000e6b00000, 0x00000000e6c00000, 0x00000000e6c00000|100%| E|CS|TAMS 0x00000000e6b00000| PB 0x00000000e6b00000| Complete 
| 620|0x00000000e6c00000, 0x00000000e6d00000, 0x00000000e6d00000|100%| E|CS|TAMS 0x00000000e6c00000| PB 0x00000000e6c00000| Complete 
| 621|0x00000000e6d00000, 0x00000000e6e00000, 0x00000000e6e00000|100%| E|CS|TAMS 0x00000000e6d00000| PB 0x00000000e6d00000| Complete 
| 622|0x00000000e6e00000, 0x00000000e6f00000, 0x00000000e6f00000|100%| E|CS|TAMS 0x00000000e6e00000| PB 0x00000000e6e00000| Complete 
| 623|0x00000000e6f00000, 0x00000000e7000000, 0x00000000e7000000|100%| E|CS|TAMS 0x00000000e6f00000| PB 0x00000000e6f00000| Complete 
| 624|0x00000000e7000000, 0x00000000e7100000, 0x00000000e7100000|100%| E|CS|TAMS 0x00000000e7000000| PB 0x00000000e7000000| Complete 
| 625|0x00000000e7100000, 0x00000000e7200000, 0x00000000e7200000|100%| E|CS|TAMS 0x00000000e7100000| PB 0x00000000e7100000| Complete 
| 626|0x00000000e7200000, 0x00000000e7300000, 0x00000000e7300000|100%| E|CS|TAMS 0x00000000e7200000| PB 0x00000000e7200000| Complete 
| 627|0x00000000e7300000, 0x00000000e7400000, 0x00000000e7400000|100%| E|CS|TAMS 0x00000000e7300000| PB 0x00000000e7300000| Complete 
| 628|0x00000000e7400000, 0x00000000e7500000, 0x00000000e7500000|100%| E|CS|TAMS 0x00000000e7400000| PB 0x00000000e7400000| Complete 
| 629|0x00000000e7500000, 0x00000000e7600000, 0x00000000e7600000|100%| E|CS|TAMS 0x00000000e7500000| PB 0x00000000e7500000| Complete 
| 630|0x00000000e7600000, 0x00000000e7700000, 0x00000000e7700000|100%| E|CS|TAMS 0x00000000e7600000| PB 0x00000000e7600000| Complete 
| 631|0x00000000e7700000, 0x00000000e7800000, 0x00000000e7800000|100%| E|CS|TAMS 0x00000000e7700000| PB 0x00000000e7700000| Complete 
| 632|0x00000000e7800000, 0x00000000e7900000, 0x00000000e7900000|100%| E|CS|TAMS 0x00000000e7800000| PB 0x00000000e7800000| Complete 
| 633|0x00000000e7900000, 0x00000000e7a00000, 0x00000000e7a00000|100%| E|CS|TAMS 0x00000000e7900000| PB 0x00000000e7900000| Complete 
| 634|0x00000000e7a00000, 0x00000000e7b00000, 0x00000000e7b00000|100%| E|CS|TAMS 0x00000000e7a00000| PB 0x00000000e7a00000| Complete 
| 635|0x00000000e7b00000, 0x00000000e7c00000, 0x00000000e7c00000|100%| E|CS|TAMS 0x00000000e7b00000| PB 0x00000000e7b00000| Complete 
| 636|0x00000000e7c00000, 0x00000000e7d00000, 0x00000000e7d00000|100%| E|CS|TAMS 0x00000000e7c00000| PB 0x00000000e7c00000| Complete 
| 637|0x00000000e7d00000, 0x00000000e7e00000, 0x00000000e7e00000|100%| E|CS|TAMS 0x00000000e7d00000| PB 0x00000000e7d00000| Complete 
| 638|0x00000000e7e00000, 0x00000000e7f00000, 0x00000000e7f00000|100%| E|CS|TAMS 0x00000000e7e00000| PB 0x00000000e7e00000| Complete 
| 639|0x00000000e7f00000, 0x00000000e8000000, 0x00000000e8000000|100%| E|CS|TAMS 0x00000000e7f00000| PB 0x00000000e7f00000| Complete 
| 640|0x00000000e8000000, 0x00000000e8100000, 0x00000000e8100000|100%| E|CS|TAMS 0x00000000e8000000| PB 0x00000000e8000000| Complete 
| 641|0x00000000e8100000, 0x00000000e8200000, 0x00000000e8200000|100%| E|CS|TAMS 0x00000000e8100000| PB 0x00000000e8100000| Complete 
| 642|0x00000000e8200000, 0x00000000e8300000, 0x00000000e8300000|100%| E|CS|TAMS 0x00000000e8200000| PB 0x00000000e8200000| Complete 
| 643|0x00000000e8300000, 0x00000000e8400000, 0x00000000e8400000|100%| E|CS|TAMS 0x00000000e8300000| PB 0x00000000e8300000| Complete 
| 644|0x00000000e8400000, 0x00000000e8500000, 0x00000000e8500000|100%| E|CS|TAMS 0x00000000e8400000| PB 0x00000000e8400000| Complete 
| 645|0x00000000e8500000, 0x00000000e8600000, 0x00000000e8600000|100%| E|CS|TAMS 0x00000000e8500000| PB 0x00000000e8500000| Complete 
| 646|0x00000000e8600000, 0x00000000e8700000, 0x00000000e8700000|100%| E|CS|TAMS 0x00000000e8600000| PB 0x00000000e8600000| Complete 
| 647|0x00000000e8700000, 0x00000000e8800000, 0x00000000e8800000|100%| E|CS|TAMS 0x00000000e8700000| PB 0x00000000e8700000| Complete 
| 648|0x00000000e8800000, 0x00000000e8900000, 0x00000000e8900000|100%| E|CS|TAMS 0x00000000e8800000| PB 0x00000000e8800000| Complete 
| 649|0x00000000e8900000, 0x00000000e8a00000, 0x00000000e8a00000|100%| E|CS|TAMS 0x00000000e8900000| PB 0x00000000e8900000| Complete 
| 650|0x00000000e8a00000, 0x00000000e8b00000, 0x00000000e8b00000|100%| E|CS|TAMS 0x00000000e8a00000| PB 0x00000000e8a00000| Complete 
| 651|0x00000000e8b00000, 0x00000000e8c00000, 0x00000000e8c00000|100%| E|CS|TAMS 0x00000000e8b00000| PB 0x00000000e8b00000| Complete 
| 652|0x00000000e8c00000, 0x00000000e8d00000, 0x00000000e8d00000|100%| E|CS|TAMS 0x00000000e8c00000| PB 0x00000000e8c00000| Complete 
| 653|0x00000000e8d00000, 0x00000000e8e00000, 0x00000000e8e00000|100%| E|CS|TAMS 0x00000000e8d00000| PB 0x00000000e8d00000| Complete 
| 654|0x00000000e8e00000, 0x00000000e8f00000, 0x00000000e8f00000|100%| E|CS|TAMS 0x00000000e8e00000| PB 0x00000000e8e00000| Complete 
| 655|0x00000000e8f00000, 0x00000000e9000000, 0x00000000e9000000|100%| E|CS|TAMS 0x00000000e8f00000| PB 0x00000000e8f00000| Complete 
| 656|0x00000000e9000000, 0x00000000e9100000, 0x00000000e9100000|100%| E|CS|TAMS 0x00000000e9000000| PB 0x00000000e9000000| Complete 
| 657|0x00000000e9100000, 0x00000000e9200000, 0x00000000e9200000|100%| E|CS|TAMS 0x00000000e9100000| PB 0x00000000e9100000| Complete 
| 658|0x00000000e9200000, 0x00000000e9300000, 0x00000000e9300000|100%| E|CS|TAMS 0x00000000e9200000| PB 0x00000000e9200000| Complete 
| 659|0x00000000e9300000, 0x00000000e9400000, 0x00000000e9400000|100%| E|CS|TAMS 0x00000000e9300000| PB 0x00000000e9300000| Complete 
| 660|0x00000000e9400000, 0x00000000e9500000, 0x00000000e9500000|100%| E|CS|TAMS 0x00000000e9400000| PB 0x00000000e9400000| Complete 
| 661|0x00000000e9500000, 0x00000000e9600000, 0x00000000e9600000|100%| E|CS|TAMS 0x00000000e9500000| PB 0x00000000e9500000| Complete 
| 662|0x00000000e9600000, 0x00000000e9700000, 0x00000000e9700000|100%| E|CS|TAMS 0x00000000e9600000| PB 0x00000000e9600000| Complete 
| 663|0x00000000e9700000, 0x00000000e9800000, 0x00000000e9800000|100%| E|CS|TAMS 0x00000000e9700000| PB 0x00000000e9700000| Complete 
| 664|0x00000000e9800000, 0x00000000e9900000, 0x00000000e9900000|100%| E|CS|TAMS 0x00000000e9800000| PB 0x00000000e9800000| Complete 
| 665|0x00000000e9900000, 0x00000000e9a00000, 0x00000000e9a00000|100%| E|CS|TAMS 0x00000000e9900000| PB 0x00000000e9900000| Complete 
| 666|0x00000000e9a00000, 0x00000000e9b00000, 0x00000000e9b00000|100%| E|CS|TAMS 0x00000000e9a00000| PB 0x00000000e9a00000| Complete 
| 667|0x00000000e9b00000, 0x00000000e9c00000, 0x00000000e9c00000|100%| E|CS|TAMS 0x00000000e9b00000| PB 0x00000000e9b00000| Complete 
| 668|0x00000000e9c00000, 0x00000000e9d00000, 0x00000000e9d00000|100%| E|CS|TAMS 0x00000000e9c00000| PB 0x00000000e9c00000| Complete 
| 669|0x00000000e9d00000, 0x00000000e9e00000, 0x00000000e9e00000|100%| E|CS|TAMS 0x00000000e9d00000| PB 0x00000000e9d00000| Complete 
| 670|0x00000000e9e00000, 0x00000000e9f00000, 0x00000000e9f00000|100%| E|CS|TAMS 0x00000000e9e00000| PB 0x00000000e9e00000| Complete 
| 671|0x00000000e9f00000, 0x00000000ea000000, 0x00000000ea000000|100%| E|CS|TAMS 0x00000000e9f00000| PB 0x00000000e9f00000| Complete 
| 672|0x00000000ea000000, 0x00000000ea100000, 0x00000000ea100000|100%| E|CS|TAMS 0x00000000ea000000| PB 0x00000000ea000000| Complete 
| 673|0x00000000ea100000, 0x00000000ea200000, 0x00000000ea200000|100%| E|CS|TAMS 0x00000000ea100000| PB 0x00000000ea100000| Complete 
| 674|0x00000000ea200000, 0x00000000ea300000, 0x00000000ea300000|100%| E|CS|TAMS 0x00000000ea200000| PB 0x00000000ea200000| Complete 
| 675|0x00000000ea300000, 0x00000000ea400000, 0x00000000ea400000|100%| E|CS|TAMS 0x00000000ea300000| PB 0x00000000ea300000| Complete 
| 676|0x00000000ea400000, 0x00000000ea500000, 0x00000000ea500000|100%| E|CS|TAMS 0x00000000ea400000| PB 0x00000000ea400000| Complete 
| 677|0x00000000ea500000, 0x00000000ea600000, 0x00000000ea600000|100%| E|CS|TAMS 0x00000000ea500000| PB 0x00000000ea500000| Complete 
| 678|0x00000000ea600000, 0x00000000ea700000, 0x00000000ea700000|100%| E|CS|TAMS 0x00000000ea600000| PB 0x00000000ea600000| Complete 
| 679|0x00000000ea700000, 0x00000000ea800000, 0x00000000ea800000|100%| E|CS|TAMS 0x00000000ea700000| PB 0x00000000ea700000| Complete 
| 680|0x00000000ea800000, 0x00000000ea900000, 0x00000000ea900000|100%| E|CS|TAMS 0x00000000ea800000| PB 0x00000000ea800000| Complete 
| 681|0x00000000ea900000, 0x00000000eaa00000, 0x00000000eaa00000|100%| E|CS|TAMS 0x00000000ea900000| PB 0x00000000ea900000| Complete 
| 682|0x00000000eaa00000, 0x00000000eab00000, 0x00000000eab00000|100%| E|CS|TAMS 0x00000000eaa00000| PB 0x00000000eaa00000| Complete 
| 683|0x00000000eab00000, 0x00000000eac00000, 0x00000000eac00000|100%| E|CS|TAMS 0x00000000eab00000| PB 0x00000000eab00000| Complete 
| 684|0x00000000eac00000, 0x00000000ead00000, 0x00000000ead00000|100%| E|CS|TAMS 0x00000000eac00000| PB 0x00000000eac00000| Complete 
| 685|0x00000000ead00000, 0x00000000eae00000, 0x00000000eae00000|100%| E|CS|TAMS 0x00000000ead00000| PB 0x00000000ead00000| Complete 
| 686|0x00000000eae00000, 0x00000000eaf00000, 0x00000000eaf00000|100%| E|CS|TAMS 0x00000000eae00000| PB 0x00000000eae00000| Complete 
| 687|0x00000000eaf00000, 0x00000000eb000000, 0x00000000eb000000|100%| E|CS|TAMS 0x00000000eaf00000| PB 0x00000000eaf00000| Complete 
| 688|0x00000000eb000000, 0x00000000eb100000, 0x00000000eb100000|100%| E|CS|TAMS 0x00000000eb000000| PB 0x00000000eb000000| Complete 
| 689|0x00000000eb100000, 0x00000000eb200000, 0x00000000eb200000|100%| E|CS|TAMS 0x00000000eb100000| PB 0x00000000eb100000| Complete 
| 690|0x00000000eb200000, 0x00000000eb300000, 0x00000000eb300000|100%| E|CS|TAMS 0x00000000eb200000| PB 0x00000000eb200000| Complete 
| 691|0x00000000eb300000, 0x00000000eb400000, 0x00000000eb400000|100%| E|CS|TAMS 0x00000000eb300000| PB 0x00000000eb300000| Complete 
| 692|0x00000000eb400000, 0x00000000eb500000, 0x00000000eb500000|100%| E|CS|TAMS 0x00000000eb400000| PB 0x00000000eb400000| Complete 
| 693|0x00000000eb500000, 0x00000000eb600000, 0x00000000eb600000|100%| E|CS|TAMS 0x00000000eb500000| PB 0x00000000eb500000| Complete 
| 694|0x00000000eb600000, 0x00000000eb700000, 0x00000000eb700000|100%| E|CS|TAMS 0x00000000eb600000| PB 0x00000000eb600000| Complete 
| 695|0x00000000eb700000, 0x00000000eb800000, 0x00000000eb800000|100%| E|CS|TAMS 0x00000000eb700000| PB 0x00000000eb700000| Complete 
| 696|0x00000000eb800000, 0x00000000eb900000, 0x00000000eb900000|100%| E|CS|TAMS 0x00000000eb800000| PB 0x00000000eb800000| Complete 
| 697|0x00000000eb900000, 0x00000000eba00000, 0x00000000eba00000|100%| E|CS|TAMS 0x00000000eb900000| PB 0x00000000eb900000| Complete 
| 698|0x00000000eba00000, 0x00000000ebb00000, 0x00000000ebb00000|100%| E|CS|TAMS 0x00000000eba00000| PB 0x00000000eba00000| Complete 
| 699|0x00000000ebb00000, 0x00000000ebc00000, 0x00000000ebc00000|100%| E|CS|TAMS 0x00000000ebb00000| PB 0x00000000ebb00000| Complete 
| 700|0x00000000ebc00000, 0x00000000ebd00000, 0x00000000ebd00000|100%| E|CS|TAMS 0x00000000ebc00000| PB 0x00000000ebc00000| Complete 
| 701|0x00000000ebd00000, 0x00000000ebe00000, 0x00000000ebe00000|100%| E|CS|TAMS 0x00000000ebd00000| PB 0x00000000ebd00000| Complete 
| 702|0x00000000ebe00000, 0x00000000ebf00000, 0x00000000ebf00000|100%| E|CS|TAMS 0x00000000ebe00000| PB 0x00000000ebe00000| Complete 
| 703|0x00000000ebf00000, 0x00000000ec000000, 0x00000000ec000000|100%| E|CS|TAMS 0x00000000ebf00000| PB 0x00000000ebf00000| Complete 
| 704|0x00000000ec000000, 0x00000000ec100000, 0x00000000ec100000|100%| E|CS|TAMS 0x00000000ec000000| PB 0x00000000ec000000| Complete 
| 705|0x00000000ec100000, 0x00000000ec200000, 0x00000000ec200000|100%| E|CS|TAMS 0x00000000ec100000| PB 0x00000000ec100000| Complete 
| 706|0x00000000ec200000, 0x00000000ec300000, 0x00000000ec300000|100%| E|CS|TAMS 0x00000000ec200000| PB 0x00000000ec200000| Complete 
| 707|0x00000000ec300000, 0x00000000ec400000, 0x00000000ec400000|100%| E|CS|TAMS 0x00000000ec300000| PB 0x00000000ec300000| Complete 
| 708|0x00000000ec400000, 0x00000000ec500000, 0x00000000ec500000|100%| E|CS|TAMS 0x00000000ec400000| PB 0x00000000ec400000| Complete 
| 709|0x00000000ec500000, 0x00000000ec600000, 0x00000000ec600000|100%| E|CS|TAMS 0x00000000ec500000| PB 0x00000000ec500000| Complete 
| 710|0x00000000ec600000, 0x00000000ec700000, 0x00000000ec700000|100%| E|CS|TAMS 0x00000000ec600000| PB 0x00000000ec600000| Complete 
| 711|0x00000000ec700000, 0x00000000ec800000, 0x00000000ec800000|100%| E|CS|TAMS 0x00000000ec700000| PB 0x00000000ec700000| Complete 
| 712|0x00000000ec800000, 0x00000000ec900000, 0x00000000ec900000|100%| E|CS|TAMS 0x00000000ec800000| PB 0x00000000ec800000| Complete 
| 713|0x00000000ec900000, 0x00000000eca00000, 0x00000000eca00000|100%| E|CS|TAMS 0x00000000ec900000| PB 0x00000000ec900000| Complete 
| 714|0x00000000eca00000, 0x00000000ecb00000, 0x00000000ecb00000|100%| E|CS|TAMS 0x00000000eca00000| PB 0x00000000eca00000| Complete 
| 715|0x00000000ecb00000, 0x00000000ecc00000, 0x00000000ecc00000|100%| E|CS|TAMS 0x00000000ecb00000| PB 0x00000000ecb00000| Complete 
| 716|0x00000000ecc00000, 0x00000000ecd00000, 0x00000000ecd00000|100%| E|CS|TAMS 0x00000000ecc00000| PB 0x00000000ecc00000| Complete 
| 717|0x00000000ecd00000, 0x00000000ece00000, 0x00000000ece00000|100%| E|CS|TAMS 0x00000000ecd00000| PB 0x00000000ecd00000| Complete 
| 718|0x00000000ece00000, 0x00000000ecf00000, 0x00000000ecf00000|100%| E|CS|TAMS 0x00000000ece00000| PB 0x00000000ece00000| Complete 
| 719|0x00000000ecf00000, 0x00000000ed000000, 0x00000000ed000000|100%| E|CS|TAMS 0x00000000ecf00000| PB 0x00000000ecf00000| Complete 
| 720|0x00000000ed000000, 0x00000000ed100000, 0x00000000ed100000|100%| E|CS|TAMS 0x00000000ed000000| PB 0x00000000ed000000| Complete 
| 721|0x00000000ed100000, 0x00000000ed200000, 0x00000000ed200000|100%| E|CS|TAMS 0x00000000ed100000| PB 0x00000000ed100000| Complete 
| 722|0x00000000ed200000, 0x00000000ed2ffff8, 0x00000000ed300000| 99%| E|CS|TAMS 0x00000000ed200000| PB 0x00000000ed200000| Complete 
| 723|0x00000000ed300000, 0x00000000ed400000, 0x00000000ed400000|100%| E|CS|TAMS 0x00000000ed300000| PB 0x00000000ed300000| Complete 
| 724|0x00000000ed400000, 0x00000000ed500000, 0x00000000ed500000|100%| E|CS|TAMS 0x00000000ed400000| PB 0x00000000ed400000| Complete 
| 725|0x00000000ed500000, 0x00000000ed600000, 0x00000000ed600000|100%| E|CS|TAMS 0x00000000ed500000| PB 0x00000000ed500000| Complete 
| 726|0x00000000ed600000, 0x00000000ed700000, 0x00000000ed700000|100%| E|CS|TAMS 0x00000000ed600000| PB 0x00000000ed600000| Complete 
| 727|0x00000000ed700000, 0x00000000ed800000, 0x00000000ed800000|100%| E|CS|TAMS 0x00000000ed700000| PB 0x00000000ed700000| Complete 
| 728|0x00000000ed800000, 0x00000000ed900000, 0x00000000ed900000|100%| E|CS|TAMS 0x00000000ed800000| PB 0x00000000ed800000| Complete 
| 729|0x00000000ed900000, 0x00000000eda00000, 0x00000000eda00000|100%| E|CS|TAMS 0x00000000ed900000| PB 0x00000000ed900000| Complete 
| 730|0x00000000eda00000, 0x00000000edb00000, 0x00000000edb00000|100%| E|CS|TAMS 0x00000000eda00000| PB 0x00000000eda00000| Complete 
| 731|0x00000000edb00000, 0x00000000edc00000, 0x00000000edc00000|100%| E|CS|TAMS 0x00000000edb00000| PB 0x00000000edb00000| Complete 
| 732|0x00000000edc00000, 0x00000000edd00000, 0x00000000edd00000|100%| E|CS|TAMS 0x00000000edc00000| PB 0x00000000edc00000| Complete 
| 733|0x00000000edd00000, 0x00000000ede00000, 0x00000000ede00000|100%| E|CS|TAMS 0x00000000edd00000| PB 0x00000000edd00000| Complete 
| 734|0x00000000ede00000, 0x00000000edf00000, 0x00000000edf00000|100%| E|CS|TAMS 0x00000000ede00000| PB 0x00000000ede00000| Complete 
| 735|0x00000000edf00000, 0x00000000ee000000, 0x00000000ee000000|100%| E|CS|TAMS 0x00000000edf00000| PB 0x00000000edf00000| Complete 
| 736|0x00000000ee000000, 0x00000000ee100000, 0x00000000ee100000|100%| E|CS|TAMS 0x00000000ee000000| PB 0x00000000ee000000| Complete 
| 737|0x00000000ee100000, 0x00000000ee200000, 0x00000000ee200000|100%| E|CS|TAMS 0x00000000ee100000| PB 0x00000000ee100000| Complete 
| 738|0x00000000ee200000, 0x00000000ee300000, 0x00000000ee300000|100%| E|CS|TAMS 0x00000000ee200000| PB 0x00000000ee200000| Complete 
| 739|0x00000000ee300000, 0x00000000ee400000, 0x00000000ee400000|100%| E|CS|TAMS 0x00000000ee300000| PB 0x00000000ee300000| Complete 
| 740|0x00000000ee400000, 0x00000000ee500000, 0x00000000ee500000|100%| E|CS|TAMS 0x00000000ee400000| PB 0x00000000ee400000| Complete 
| 741|0x00000000ee500000, 0x00000000ee600000, 0x00000000ee600000|100%| E|CS|TAMS 0x00000000ee500000| PB 0x00000000ee500000| Complete 
| 742|0x00000000ee600000, 0x00000000ee700000, 0x00000000ee700000|100%| E|CS|TAMS 0x00000000ee600000| PB 0x00000000ee600000| Complete 
| 743|0x00000000ee700000, 0x00000000ee800000, 0x00000000ee800000|100%| E|CS|TAMS 0x00000000ee700000| PB 0x00000000ee700000| Complete 
| 744|0x00000000ee800000, 0x00000000ee900000, 0x00000000ee900000|100%| E|CS|TAMS 0x00000000ee800000| PB 0x00000000ee800000| Complete 
| 745|0x00000000ee900000, 0x00000000eea00000, 0x00000000eea00000|100%| E|CS|TAMS 0x00000000ee900000| PB 0x00000000ee900000| Complete 
| 746|0x00000000eea00000, 0x00000000eeb00000, 0x00000000eeb00000|100%| E|CS|TAMS 0x00000000eea00000| PB 0x00000000eea00000| Complete 
| 747|0x00000000eeb00000, 0x00000000eec00000, 0x00000000eec00000|100%| E|CS|TAMS 0x00000000eeb00000| PB 0x00000000eeb00000| Complete 
| 748|0x00000000eec00000, 0x00000000eed00000, 0x00000000eed00000|100%| E|CS|TAMS 0x00000000eec00000| PB 0x00000000eec00000| Complete 
| 749|0x00000000eed00000, 0x00000000eee00000, 0x00000000eee00000|100%| E|CS|TAMS 0x00000000eed00000| PB 0x00000000eed00000| Complete 
| 750|0x00000000eee00000, 0x00000000eef00000, 0x00000000eef00000|100%| E|CS|TAMS 0x00000000eee00000| PB 0x00000000eee00000| Complete 
| 751|0x00000000eef00000, 0x00000000ef000000, 0x00000000ef000000|100%| E|CS|TAMS 0x00000000eef00000| PB 0x00000000eef00000| Complete 
| 752|0x00000000ef000000, 0x00000000ef100000, 0x00000000ef100000|100%| E|CS|TAMS 0x00000000ef000000| PB 0x00000000ef000000| Complete 
| 753|0x00000000ef100000, 0x00000000ef200000, 0x00000000ef200000|100%| E|CS|TAMS 0x00000000ef100000| PB 0x00000000ef100000| Complete 
| 754|0x00000000ef200000, 0x00000000ef300000, 0x00000000ef300000|100%| E|CS|TAMS 0x00000000ef200000| PB 0x00000000ef200000| Complete 
| 755|0x00000000ef300000, 0x00000000ef400000, 0x00000000ef400000|100%| E|CS|TAMS 0x00000000ef300000| PB 0x00000000ef300000| Complete 
| 756|0x00000000ef400000, 0x00000000ef500000, 0x00000000ef500000|100%| E|CS|TAMS 0x00000000ef400000| PB 0x00000000ef400000| Complete 
| 757|0x00000000ef500000, 0x00000000ef600000, 0x00000000ef600000|100%| E|CS|TAMS 0x00000000ef500000| PB 0x00000000ef500000| Complete 
| 758|0x00000000ef600000, 0x00000000ef700000, 0x00000000ef700000|100%| E|CS|TAMS 0x00000000ef600000| PB 0x00000000ef600000| Complete 
| 759|0x00000000ef700000, 0x00000000ef800000, 0x00000000ef800000|100%| E|CS|TAMS 0x00000000ef700000| PB 0x00000000ef700000| Complete 
| 760|0x00000000ef800000, 0x00000000ef900000, 0x00000000ef900000|100%| E|CS|TAMS 0x00000000ef800000| PB 0x00000000ef800000| Complete 
| 761|0x00000000ef900000, 0x00000000efa00000, 0x00000000efa00000|100%| E|CS|TAMS 0x00000000ef900000| PB 0x00000000ef900000| Complete 
| 762|0x00000000efa00000, 0x00000000efb00000, 0x00000000efb00000|100%| E|CS|TAMS 0x00000000efa00000| PB 0x00000000efa00000| Complete 
| 763|0x00000000efb00000, 0x00000000efc00000, 0x00000000efc00000|100%| E|CS|TAMS 0x00000000efb00000| PB 0x00000000efb00000| Complete 
| 764|0x00000000efc00000, 0x00000000efd00000, 0x00000000efd00000|100%| E|CS|TAMS 0x00000000efc00000| PB 0x00000000efc00000| Complete 
| 765|0x00000000efd00000, 0x00000000efe00000, 0x00000000efe00000|100%| E|CS|TAMS 0x00000000efd00000| PB 0x00000000efd00000| Complete 
| 766|0x00000000efe00000, 0x00000000eff00000, 0x00000000eff00000|100%| E|CS|TAMS 0x00000000efe00000| PB 0x00000000efe00000| Complete 
| 767|0x00000000eff00000, 0x00000000f0000000, 0x00000000f0000000|100%| E|CS|TAMS 0x00000000eff00000| PB 0x00000000eff00000| Complete 
| 768|0x00000000f0000000, 0x00000000f0100000, 0x00000000f0100000|100%| E|CS|TAMS 0x00000000f0000000| PB 0x00000000f0000000| Complete 
| 769|0x00000000f0100000, 0x00000000f0200000, 0x00000000f0200000|100%| E|CS|TAMS 0x00000000f0100000| PB 0x00000000f0100000| Complete 
| 770|0x00000000f0200000, 0x00000000f0300000, 0x00000000f0300000|100%| E|CS|TAMS 0x00000000f0200000| PB 0x00000000f0200000| Complete 
| 771|0x00000000f0300000, 0x00000000f0400000, 0x00000000f0400000|100%| E|CS|TAMS 0x00000000f0300000| PB 0x00000000f0300000| Complete 
| 772|0x00000000f0400000, 0x00000000f0500000, 0x00000000f0500000|100%| E|CS|TAMS 0x00000000f0400000| PB 0x00000000f0400000| Complete 
| 773|0x00000000f0500000, 0x00000000f0600000, 0x00000000f0600000|100%| E|CS|TAMS 0x00000000f0500000| PB 0x00000000f0500000| Complete 
| 774|0x00000000f0600000, 0x00000000f0700000, 0x00000000f0700000|100%| E|CS|TAMS 0x00000000f0600000| PB 0x00000000f0600000| Complete 
| 775|0x00000000f0700000, 0x00000000f0800000, 0x00000000f0800000|100%| E|CS|TAMS 0x00000000f0700000| PB 0x00000000f0700000| Complete 
| 776|0x00000000f0800000, 0x00000000f0900000, 0x00000000f0900000|100%| E|CS|TAMS 0x00000000f0800000| PB 0x00000000f0800000| Complete 
| 777|0x00000000f0900000, 0x00000000f0a00000, 0x00000000f0a00000|100%| E|CS|TAMS 0x00000000f0900000| PB 0x00000000f0900000| Complete 
| 778|0x00000000f0a00000, 0x00000000f0b00000, 0x00000000f0b00000|100%| E|CS|TAMS 0x00000000f0a00000| PB 0x00000000f0a00000| Complete 
| 779|0x00000000f0b00000, 0x00000000f0c00000, 0x00000000f0c00000|100%| E|CS|TAMS 0x00000000f0b00000| PB 0x00000000f0b00000| Complete 
| 780|0x00000000f0c00000, 0x00000000f0d00000, 0x00000000f0d00000|100%| E|CS|TAMS 0x00000000f0c00000| PB 0x00000000f0c00000| Complete 
| 781|0x00000000f0d00000, 0x00000000f0e00000, 0x00000000f0e00000|100%| E|CS|TAMS 0x00000000f0d00000| PB 0x00000000f0d00000| Complete 
| 782|0x00000000f0e00000, 0x00000000f0f00000, 0x00000000f0f00000|100%| E|CS|TAMS 0x00000000f0e00000| PB 0x00000000f0e00000| Complete 
| 783|0x00000000f0f00000, 0x00000000f1000000, 0x00000000f1000000|100%| E|CS|TAMS 0x00000000f0f00000| PB 0x00000000f0f00000| Complete 
| 784|0x00000000f1000000, 0x00000000f1100000, 0x00000000f1100000|100%| E|CS|TAMS 0x00000000f1000000| PB 0x00000000f1000000| Complete 
| 785|0x00000000f1100000, 0x00000000f1200000, 0x00000000f1200000|100%| E|CS|TAMS 0x00000000f1100000| PB 0x00000000f1100000| Complete 
| 786|0x00000000f1200000, 0x00000000f1300000, 0x00000000f1300000|100%| E|CS|TAMS 0x00000000f1200000| PB 0x00000000f1200000| Complete 
| 787|0x00000000f1300000, 0x00000000f1400000, 0x00000000f1400000|100%| E|CS|TAMS 0x00000000f1300000| PB 0x00000000f1300000| Complete 
| 788|0x00000000f1400000, 0x00000000f1500000, 0x00000000f1500000|100%| E|CS|TAMS 0x00000000f1400000| PB 0x00000000f1400000| Complete 
| 789|0x00000000f1500000, 0x00000000f1600000, 0x00000000f1600000|100%| E|CS|TAMS 0x00000000f1500000| PB 0x00000000f1500000| Complete 
| 790|0x00000000f1600000, 0x00000000f1700000, 0x00000000f1700000|100%| E|CS|TAMS 0x00000000f1600000| PB 0x00000000f1600000| Complete 
| 791|0x00000000f1700000, 0x00000000f1800000, 0x00000000f1800000|100%| E|CS|TAMS 0x00000000f1700000| PB 0x00000000f1700000| Complete 
| 792|0x00000000f1800000, 0x00000000f1900000, 0x00000000f1900000|100%| E|CS|TAMS 0x00000000f1800000| PB 0x00000000f1800000| Complete 
| 793|0x00000000f1900000, 0x00000000f1a00000, 0x00000000f1a00000|100%| E|CS|TAMS 0x00000000f1900000| PB 0x00000000f1900000| Complete 
| 794|0x00000000f1a00000, 0x00000000f1b00000, 0x00000000f1b00000|100%| E|CS|TAMS 0x00000000f1a00000| PB 0x00000000f1a00000| Complete 
| 795|0x00000000f1b00000, 0x00000000f1c00000, 0x00000000f1c00000|100%| E|CS|TAMS 0x00000000f1b00000| PB 0x00000000f1b00000| Complete 
| 796|0x00000000f1c00000, 0x00000000f1d00000, 0x00000000f1d00000|100%| E|CS|TAMS 0x00000000f1c00000| PB 0x00000000f1c00000| Complete 
| 797|0x00000000f1d00000, 0x00000000f1e00000, 0x00000000f1e00000|100%| E|CS|TAMS 0x00000000f1d00000| PB 0x00000000f1d00000| Complete 
| 798|0x00000000f1e00000, 0x00000000f1f00000, 0x00000000f1f00000|100%| E|CS|TAMS 0x00000000f1e00000| PB 0x00000000f1e00000| Complete 
| 799|0x00000000f1f00000, 0x00000000f1f90270, 0x00000000f2000000| 56%| S|CS|TAMS 0x00000000f1f00000| PB 0x00000000f1f00000| Complete 
| 800|0x00000000f2000000, 0x00000000f2100000, 0x00000000f2100000|100%| S|CS|TAMS 0x00000000f2000000| PB 0x00000000f2000000| Complete 
| 801|0x00000000f2100000, 0x00000000f2200000, 0x00000000f2200000|100%| S|CS|TAMS 0x00000000f2100000| PB 0x00000000f2100000| Complete 
| 802|0x00000000f2200000, 0x00000000f2300000, 0x00000000f2300000|100%| S|CS|TAMS 0x00000000f2200000| PB 0x00000000f2200000| Complete 
| 803|0x00000000f2300000, 0x00000000f2400000, 0x00000000f2400000|100%| S|CS|TAMS 0x00000000f2300000| PB 0x00000000f2300000| Complete 
| 804|0x00000000f2400000, 0x00000000f2500000, 0x00000000f2500000|100%| S|CS|TAMS 0x00000000f2400000| PB 0x00000000f2400000| Complete 
|1009|0x00000000ff100000, 0x00000000ff200000, 0x00000000ff200000|100%| S|CS|TAMS 0x00000000ff100000| PB 0x00000000ff100000| Complete 
|1010|0x00000000ff200000, 0x00000000ff300000, 0x00000000ff300000|100%| S|CS|TAMS 0x00000000ff200000| PB 0x00000000ff200000| Complete 
|1011|0x00000000ff300000, 0x00000000ff400000, 0x00000000ff400000|100%| S|CS|TAMS 0x00000000ff300000| PB 0x00000000ff300000| Complete 
|1012|0x00000000ff400000, 0x00000000ff500000, 0x00000000ff500000|100%| S|CS|TAMS 0x00000000ff400000| PB 0x00000000ff400000| Complete 
|1013|0x00000000ff500000, 0x00000000ff600000, 0x00000000ff600000|100%| S|CS|TAMS 0x00000000ff500000| PB 0x00000000ff500000| Complete 
|1014|0x00000000ff600000, 0x00000000ff700000, 0x00000000ff700000|100%| E|CS|TAMS 0x00000000ff600000| PB 0x00000000ff600000| Complete 
|1015|0x00000000ff700000, 0x00000000ff800000, 0x00000000ff800000|100%| E|CS|TAMS 0x00000000ff700000| PB 0x00000000ff700000| Complete 
|1016|0x00000000ff800000, 0x00000000ff900000, 0x00000000ff900000|100%| E|CS|TAMS 0x00000000ff800000| PB 0x00000000ff800000| Complete 
|1017|0x00000000ff900000, 0x00000000ffa00000, 0x00000000ffa00000|100%| E|CS|TAMS 0x00000000ff900000| PB 0x00000000ff900000| Complete 
|1018|0x00000000ffa00000, 0x00000000ffb00000, 0x00000000ffb00000|100%| E|CS|TAMS 0x00000000ffa00000| PB 0x00000000ffa00000| Complete 
|1019|0x00000000ffb00000, 0x00000000ffc00000, 0x00000000ffc00000|100%| E|CS|TAMS 0x00000000ffb00000| PB 0x00000000ffb00000| Complete 
|1020|0x00000000ffc00000, 0x00000000ffd00000, 0x00000000ffd00000|100%| E|CS|TAMS 0x00000000ffc00000| PB 0x00000000ffc00000| Complete 
|1021|0x00000000ffd00000, 0x00000000ffe00000, 0x00000000ffe00000|100%| E|CS|TAMS 0x00000000ffd00000| PB 0x00000000ffd00000| Complete 
|1022|0x00000000ffe00000, 0x00000000fff00000, 0x00000000fff00000|100%| E|CS|TAMS 0x00000000ffe00000| PB 0x00000000ffe00000| Complete 
|1023|0x00000000fff00000, 0x0000000100000000, 0x0000000100000000|100%| E|CS|TAMS 0x00000000fff00000| PB 0x00000000fff00000| Complete 

Card table byte_map: [0x0000029066600000,0x0000029066800000] _byte_map_base: 0x0000029066000000

Marking Bits: (CMBitMap*) 0x000002905f95a820
 Bits: [0x0000029066800000, 0x0000029067800000)

Polling page: 0x000002905fb00000

Metaspace:

Usage:
  Non-class:    409.18 MB used.
      Class:     56.99 MB used.
       Both:    466.18 MB used.

Virtual space:
  Non-class space:      448.00 MB reserved,     412.81 MB ( 92%) committed,  7 nodes.
      Class space:        1.00 GB reserved,      60.69 MB (  6%) committed,  1 nodes.
             Both:        1.44 GB reserved,     473.50 MB ( 32%) committed. 

Chunk freelists:
   Non-Class:  3.20 MB
       Class:  3.19 MB
        Both:  6.38 MB

MaxMetaspaceSize: unlimited
CompressedClassSpaceSize: 1.00 GB
Initial GC threshold: 21.00 MB
Current GC threshold: 791.25 MB
CDS: on
 - commit_granule_bytes: 65536.
 - commit_granule_words: 8192.
 - virtual_space_node_default_size: 8388608.
 - enlarge_chunks_in_place: 1.
 - use_allocation_guard: 0.


Internal statistics:

num_allocs_failed_limit: 47.
num_arena_births: 79042.
num_arena_deaths: 67362.
num_vsnodes_births: 8.
num_vsnodes_deaths: 0.
num_space_committed: 8231.
num_space_uncommitted: 371.
num_chunks_returned_to_freelist: 111727.
num_chunks_taken_from_freelist: 154034.
num_chunk_merges: 47047.
num_chunk_splits: 77272.
num_chunks_enlarged: 23179.
num_inconsistent_stats: 0.

CodeHeap 'non-profiled nmethods': size=259328Kb used=69293Kb max_used=69293Kb free=190034Kb
 bounds [0x00000290102c0000, 0x0000029014670000, 0x0000029020000000]
CodeHeap 'profiled nmethods': size=259264Kb used=87826Kb max_used=101087Kb free=171437Kb
 bounds [0x0000029000000000, 0x00000290062f0000, 0x000002900fd30000]
CodeHeap 'non-nmethods': size=5696Kb used=4038Kb max_used=4229Kb free=1657Kb
 bounds [0x000002900fd30000, 0x0000029010180000, 0x00000290102c0000]
 total_blobs=42735 nmethods=40197 adapters=2437
 compilation: enabled
              stopped_count=0, restarted_count=0
 full_count=0

Compilation events (20 events):
Event: 41115.132 Thread 0x000002906a280a70 nmethod 284046 0x000002900125de90 code [0x000002900125e040, 0x000002900125e188]
Event: 41115.133 Thread 0x000002906a280a70 284047   !   3       java.util.concurrent.ForkJoinPool::tryTerminate (269 bytes)
Event: 41115.141 Thread 0x000002906a280a70 nmethod 284047 0x000002900236fb90 code [0x000002900236ff20, 0x0000029002371408]
Event: 41132.100 Thread 0x000002906a280a70 284048       3       com.intellij.openapi.vfs.newvfs.impl.VirtualFileImpl::setDetectedLineSeparator (49 bytes)
Event: 41132.100 Thread 0x000002906a27ffe0 284049       4       com.intellij.openapi.vfs.VirtualFile::setDetectedLineSeparator (9 bytes)
Event: 41132.101 Thread 0x000002906a27ffe0 nmethod 284049 0x000002901466a910 code [0x000002901466aaa0, 0x000002901466ab58]
Event: 41132.102 Thread 0x000002906a280a70 nmethod 284048 0x0000029000cc9590 code [0x0000029000cc97e0, 0x0000029000cc9fa0]
Event: 41132.303 Thread 0x000002906a27ffe0 284050       4       com.jetbrains.jsonSchema.impl.JsonSchemaInJsonFilesEnabler::isEnabledForFile (14 bytes)
Event: 41132.308 Thread 0x000002906a27ffe0 nmethod 284050 0x000002901466ac10 code [0x000002901466ae20, 0x000002901466b3f8]
Event: 41132.420 Thread 0x000002906a280a70 284051       3       com.intellij.codeInsight.daemon.impl.WolfHighlightingPass::<init> (49 bytes)
Event: 41132.420 Thread 0x000002906a280a70 nmethod 284051 0x00000290015de490 code [0x00000290015de6a0, 0x00000290015deab8]
Event: 41132.422 Thread 0x000002906a280a70 284052       3       java.util.concurrent.ForkJoinPool::nextWorkerThreadName (28 bytes)
Event: 41132.425 Thread 0x000002906a280a70 nmethod 284052 0x0000029005c79490 code [0x0000029005c79820, 0x0000029005c7ad00]
Event: 41132.431 Thread 0x000002906a280a70 284053       3       com.intellij.util.AstLoadingFilter$$Lambda/0x000002906d5276c8::get (4 bytes)
Event: 41132.431 Thread 0x000002906a280a70 nmethod 284053 0x00000290020cb190 code [0x00000290020cb380, 0x00000290020cb8a8]
Event: 41132.434 Thread 0x000002906a27ffe0 284054       4       ai.grazie.nlp.patterns.ExtensionsKt::replace (245 bytes)
Event: 41132.449 Thread 0x000002906a280a70 284055       3       one.util.streamex.AbstractStreamEx::close (5 bytes)
Event: 41132.450 Thread 0x000002906a280a70 nmethod 284055 0x0000029002220190 code [0x0000029002220360, 0x0000029002220660]
Event: 41132.465 Thread 0x000002906a280a70 284057       3       kotlin.text.Regex::matchAt (64 bytes)
Event: 41132.467 Thread 0x000002906a280a70 nmethod 284057 0x0000029003ec9510 code [0x0000029003ec9820, 0x0000029003eca700]

GC Heap History (20 events):
Event: 40596.016 GC heap before
{Heap before GC invocations=1019 (full 62):
 garbage-first heap   total 839680K, used 583167K [0x00000000c0000000, 0x0000000100000000)
  region size 1024K, 136 young (139264K), 21 survivors (21504K)
 Metaspace       used 476044K, committed 483776K, reserved 1507328K
  class space    used 58162K, committed 62080K, reserved 1048576K
}
Event: 40596.045 GC heap after
{Heap after GC invocations=1020 (full 62):
 garbage-first heap   total 839680K, used 467983K [0x00000000c0000000, 0x0000000100000000)
  region size 1024K, 21 young (21504K), 21 survivors (21504K)
 Metaspace       used 476044K, committed 483776K, reserved 1507328K
  class space    used 58162K, committed 62080K, reserved 1048576K
}
Event: 40704.556 GC heap before
{Heap before GC invocations=1021 (full 62):
 garbage-first heap   total 839680K, used 778255K [0x00000000c0000000, 0x0000000100000000)
  region size 1024K, 317 young (324608K), 21 survivors (21504K)
 Metaspace       used 476065K, committed 483776K, reserved 1507328K
  class space    used 58161K, committed 62080K, reserved 1048576K
}
Event: 40704.605 GC heap after
{Heap after GC invocations=1022 (full 62):
 garbage-first heap   total 839680K, used 454892K [0x00000000c0000000, 0x0000000100000000)
  region size 1024K, 12 young (12288K), 12 survivors (12288K)
 Metaspace       used 476065K, committed 483776K, reserved 1507328K
  class space    used 58161K, committed 62080K, reserved 1048576K
}
Event: 40724.659 GC heap before
{Heap before GC invocations=1022 (full 62):
 garbage-first heap   total 839680K, used 745708K [0x00000000c0000000, 0x0000000100000000)
  region size 1024K, 294 young (301056K), 12 survivors (12288K)
 Metaspace       used 476123K, committed 483776K, reserved 1507328K
  class space    used 58172K, committed 62080K, reserved 1048576K
}
Event: 40725.393 GC heap after
{Heap after GC invocations=1023 (full 63):
 garbage-first heap   total 839680K, used 437647K [0x00000000c0000000, 0x0000000100000000)
  region size 1024K, 0 young (0K), 0 survivors (0K)
 Metaspace       used 474746K, committed 483776K, reserved 1507328K
  class space    used 57948K, committed 62080K, reserved 1048576K
}
Event: 40735.769 GC heap before
{Heap before GC invocations=1023 (full 63):
 garbage-first heap   total 839680K, used 481679K [0x00000000c0000000, 0x0000000100000000)
  region size 1024K, 44 young (45056K), 0 survivors (0K)
 Metaspace       used 474746K, committed 483776K, reserved 1507328K
  class space    used 57948K, committed 62080K, reserved 1048576K
}
Event: 40735.776 GC heap after
{Heap after GC invocations=1024 (full 63):
 garbage-first heap   total 839680K, used 441032K [0x00000000c0000000, 0x0000000100000000)
  region size 1024K, 4 young (4096K), 4 survivors (4096K)
 Metaspace       used 474746K, committed 483776K, reserved 1507328K
  class space    used 57948K, committed 62080K, reserved 1048576K
}
Event: 40750.749 GC heap before
{Heap before GC invocations=1025 (full 63):
 garbage-first heap   total 839680K, used 788168K [0x00000000c0000000, 0x0000000100000000)
  region size 1024K, 338 young (346112K), 4 survivors (4096K)
 Metaspace       used 474750K, committed 483776K, reserved 1507328K
  class space    used 57945K, committed 62080K, reserved 1048576K
}
Event: 40750.779 GC heap after
{Heap after GC invocations=1026 (full 63):
 garbage-first heap   total 839680K, used 454096K [0x00000000c0000000, 0x0000000100000000)
  region size 1024K, 14 young (14336K), 14 survivors (14336K)
 Metaspace       used 474750K, committed 483776K, reserved 1507328K
  class space    used 57945K, committed 62080K, reserved 1048576K
}
Event: 40801.776 GC heap before
{Heap before GC invocations=1026 (full 63):
 garbage-first heap   total 839680K, used 782800K [0x00000000c0000000, 0x0000000100000000)
  region size 1024K, 330 young (337920K), 14 survivors (14336K)
 Metaspace       used 476044K, committed 483776K, reserved 1507328K
  class space    used 58151K, committed 62080K, reserved 1048576K
}
Event: 40801.823 GC heap after
{Heap after GC invocations=1027 (full 63):
 garbage-first heap   total 839680K, used 463201K [0x00000000c0000000, 0x0000000100000000)
  region size 1024K, 19 young (19456K), 19 survivors (19456K)
 Metaspace       used 476044K, committed 483776K, reserved 1507328K
  class space    used 58151K, committed 62080K, reserved 1048576K
}
Event: 40801.924 GC heap before
{Heap before GC invocations=1027 (full 63):
 garbage-first heap   total 839680K, used 467297K [0x00000000c0000000, 0x0000000100000000)
  region size 1024K, 24 young (24576K), 19 survivors (19456K)
 Metaspace       used 476045K, committed 483776K, reserved 1507328K
  class space    used 58151K, committed 62080K, reserved 1048576K
}
Event: 40801.943 GC heap after
{Heap after GC invocations=1028 (full 63):
 garbage-first heap   total 839680K, used 458822K [0x00000000c0000000, 0x0000000100000000)
  region size 1024K, 15 young (15360K), 15 survivors (15360K)
 Metaspace       used 476045K, committed 483776K, reserved 1507328K
  class space    used 58151K, committed 62080K, reserved 1048576K
}
Event: 40949.289 GC heap before
{Heap before GC invocations=1029 (full 63):
 garbage-first heap   total 839680K, used 783430K [0x00000000c0000000, 0x0000000100000000)
  region size 1024K, 327 young (334848K), 15 survivors (15360K)
 Metaspace       used 475956K, committed 483776K, reserved 1507328K
  class space    used 58137K, committed 62080K, reserved 1048576K
}
Event: 40949.379 GC heap after
{Heap after GC invocations=1030 (full 63):
 garbage-first heap   total 839680K, used 447498K [0x00000000c0000000, 0x0000000100000000)
  region size 1024K, 9 young (9216K), 9 survivors (9216K)
 Metaspace       used 475956K, committed 483776K, reserved 1507328K
  class space    used 58137K, committed 62080K, reserved 1048576K
}
Event: 41012.658 GC heap before
{Heap before GC invocations=1030 (full 63):
 garbage-first heap   total 839680K, used 787466K [0x00000000c0000000, 0x0000000100000000)
  region size 1024K, 338 young (346112K), 9 survivors (9216K)
 Metaspace       used 477296K, committed 484736K, reserved 1507328K
  class space    used 58351K, committed 62080K, reserved 1048576K
}
Event: 41012.717 GC heap after
{Heap after GC invocations=1031 (full 63):
 garbage-first heap   total 839680K, used 455328K [0x00000000c0000000, 0x0000000100000000)
  region size 1024K, 16 young (16384K), 16 survivors (16384K)
 Metaspace       used 477296K, committed 484736K, reserved 1507328K
  class space    used 58351K, committed 62080K, reserved 1048576K
}
Event: 41012.971 GC heap before
{Heap before GC invocations=1031 (full 63):
 garbage-first heap   total 839680K, used 464544K [0x00000000c0000000, 0x0000000100000000)
  region size 1024K, 26 young (26624K), 16 survivors (16384K)
 Metaspace       used 477300K, committed 484736K, reserved 1507328K
  class space    used 58352K, committed 62080K, reserved 1048576K
}
Event: 41013.000 GC heap after
{Heap after GC invocations=1032 (full 63):
 garbage-first heap   total 839680K, used 450343K [0x00000000c0000000, 0x0000000100000000)
  region size 1024K, 11 young (11264K), 11 survivors (11264K)
 Metaspace       used 477300K, committed 484736K, reserved 1507328K
  class space    used 58352K, committed 62080K, reserved 1048576K
}

Dll operation events (3 events):
Event: 0.016 Loaded shared library D:\rider\JetBrains Rider 2025.1.2\jbr\bin\java.dll
Event: 0.018 Loaded shared library D:\rider\JetBrains Rider 2025.1.2\jbr\bin\zip.dll
Event: 0.650 Loaded shared library D:\rider\JetBrains Rider 2025.1.2\jbr\bin\verify.dll

Deoptimization events (20 events):
Event: 40625.163 Thread 0x00000291446d6ba0 DEOPT PACKING pc=0x00000290120233e0 sp=0x000000de910fd820
Event: 40625.163 Thread 0x00000291446d6ba0 DEOPT UNPACKING pc=0x000002900fd846a2 sp=0x000000de910fd700 mode 2
Event: 40715.526 Thread 0x00000290dfaf8a00 DEOPT PACKING pc=0x00000290008869d1 sp=0x000000de8b4fe180
Event: 40715.528 Thread 0x00000290dfaf8a00 DEOPT UNPACKING pc=0x000002900fd84e42 sp=0x000000de8b4fd650 mode 0
Event: 40715.709 Thread 0x00000290dfafcba0 Uncommon trap: trap_request=0xffffff6e fr.pc=0x00000290145bc854 relative=0x0000000000000294
Event: 40715.709 Thread 0x00000290dfafcba0 Uncommon trap: reason=loop_limit_check action=maybe_recompile pc=0x00000290145bc854 method=java.util.DualPivotQuicksort.insertionSort([JII)V @ 36 c2
Event: 40715.709 Thread 0x00000290dfafcba0 DEOPT PACKING pc=0x00000290145bc854 sp=0x000000de8bafd040
Event: 40715.709 Thread 0x00000290dfafcba0 DEOPT UNPACKING pc=0x000002900fd846a2 sp=0x000000de8bafcea0 mode 2
Event: 40717.226 Thread 0x00000290dfaf8a00 DEOPT PACKING pc=0x00000290030c56ef sp=0x000000de8b4fc400
Event: 40717.226 Thread 0x00000290dfaf8a00 DEOPT UNPACKING pc=0x000002900fd84e42 sp=0x000000de8b4fb880 mode 0
Event: 40739.818 Thread 0x00000291286ad780 DEOPT PACKING pc=0x00000290035c87f4 sp=0x000000de8e7fd070
Event: 40739.818 Thread 0x00000291286ad780 DEOPT UNPACKING pc=0x000002900fd84e42 sp=0x000000de8e7fc4d8 mode 0
Event: 40801.598 Thread 0x000002914f4b87c0 Uncommon trap: trap_request=0xfffffff7 fr.pc=0x00000290120233e0 relative=0x0000000000002300
Event: 40801.598 Thread 0x000002914f4b87c0 Uncommon trap: reason=null_check action=none pc=0x00000290120233e0 method=sun.security.x509.X509CertImpl.getExtensionValue(Ljava/lang/String;)[B @ 104 c2
Event: 40801.598 Thread 0x000002914f4b87c0 DEOPT PACKING pc=0x00000290120233e0 sp=0x000000de91bfd2a0
Event: 40801.599 Thread 0x000002914f4b87c0 DEOPT UNPACKING pc=0x000002900fd846a2 sp=0x000000de91bfd180 mode 2
Event: 40801.844 Thread 0x000002914f4b87c0 Uncommon trap: trap_request=0xfffffff7 fr.pc=0x00000290120233e0 relative=0x0000000000002300
Event: 40801.844 Thread 0x000002914f4b87c0 Uncommon trap: reason=null_check action=none pc=0x00000290120233e0 method=sun.security.x509.X509CertImpl.getExtensionValue(Ljava/lang/String;)[B @ 104 c2
Event: 40801.844 Thread 0x000002914f4b87c0 DEOPT PACKING pc=0x00000290120233e0 sp=0x000000de91bfd2a0
Event: 40801.844 Thread 0x000002914f4b87c0 DEOPT UNPACKING pc=0x000002900fd846a2 sp=0x000000de91bfd180 mode 2

Classes loaded (20 events):
Event: 41042.635 Loading class kotlin/FloatArray
Event: 41042.635 Loading class kotlin/FloatArray done
Event: 41042.635 Loading class kotlin/FloatArray
Event: 41042.635 Loading class kotlin/FloatArray done
Event: 41042.635 Loading class kotlin/LongArray
Event: 41042.635 Loading class kotlin/LongArray done
Event: 41042.635 Loading class kotlin/LongArray
Event: 41042.635 Loading class kotlin/LongArray done
Event: 41042.635 Loading class kotlin/Double
Event: 41042.635 Loading class kotlin/Double done
Event: 41042.635 Loading class kotlin/Double
Event: 41042.635 Loading class kotlin/Double done
Event: 41042.635 Loading class kotlin/DoubleArray
Event: 41042.635 Loading class kotlin/DoubleArray done
Event: 41042.635 Loading class kotlin/DoubleArray
Event: 41042.635 Loading class kotlin/DoubleArray done
Event: 41042.636 Loading class javax/annotation/Nullable
Event: 41042.636 Loading class javax/annotation/Nullable done
Event: 41102.617 Loading class javax/annotation/Nullable
Event: 41102.617 Loading class javax/annotation/Nullable done

Classes unloaded (20 events):
Event: 40802.844 Thread 0x000002906a260d90 Unloading class 0x000002906fc80000 'java/lang/invoke/LambdaForm$MH+0x000002906fc80000'
Event: 40802.844 Thread 0x000002906a260d90 Unloading class 0x000002906fc80c00 'java/lang/invoke/LambdaForm$MH+0x000002906fc80c00'
Event: 40802.844 Thread 0x000002906a260d90 Unloading class 0x000002906fbad000 'java/lang/invoke/LambdaForm$MH+0x000002906fbad000'
Event: 40802.844 Thread 0x000002906a260d90 Unloading class 0x000002906fbacc00 'java/lang/invoke/LambdaForm$MH+0x000002906fbacc00'
Event: 40802.844 Thread 0x000002906a260d90 Unloading class 0x000002906fd3ec00 'java/lang/invoke/LambdaForm$MH+0x000002906fd3ec00'
Event: 40802.844 Thread 0x000002906a260d90 Unloading class 0x000002906fd3e400 'java/lang/invoke/LambdaForm$MH+0x000002906fd3e400'
Event: 40802.844 Thread 0x000002906a260d90 Unloading class 0x000002906fcefc00 'java/lang/invoke/LambdaForm$MH+0x000002906fcefc00'
Event: 40802.844 Thread 0x000002906a260d90 Unloading class 0x000002906fcea800 'java/lang/invoke/LambdaForm$MH+0x000002906fcea800'
Event: 40802.844 Thread 0x000002906a260d90 Unloading class 0x000002906fce9400 'java/lang/invoke/LambdaForm$MH+0x000002906fce9400'
Event: 40802.844 Thread 0x000002906a260d90 Unloading class 0x000002906fc4ac00 'java/lang/invoke/LambdaForm$MH+0x000002906fc4ac00'
Event: 40802.844 Thread 0x000002906a260d90 Unloading class 0x000002906fc49000 'java/lang/invoke/LambdaForm$MH+0x000002906fc49000'
Event: 40802.844 Thread 0x000002906a260d90 Unloading class 0x000002906fc48c00 'java/lang/invoke/LambdaForm$MH+0x000002906fc48c00'
Event: 40802.844 Thread 0x000002906a260d90 Unloading class 0x000002906fc48800 'java/lang/invoke/LambdaForm$MH+0x000002906fc48800'
Event: 40802.844 Thread 0x000002906a260d90 Unloading class 0x000002906fbbe400 'java/lang/invoke/LambdaForm$MH+0x000002906fbbe400'
Event: 40802.844 Thread 0x000002906a260d90 Unloading class 0x000002906fbbc400 'java/lang/invoke/LambdaForm$MH+0x000002906fbbc400'
Event: 40802.844 Thread 0x000002906a260d90 Unloading class 0x000002906fd2c400 'java/lang/invoke/LambdaForm$MH+0x000002906fd2c400'
Event: 40802.844 Thread 0x000002906a260d90 Unloading class 0x000002906fd2dc00 'java/lang/invoke/LambdaForm$MH+0x000002906fd2dc00'
Event: 41014.228 Thread 0x000002906a260d90 Unloading class 0x000002906fa0d400 'java/lang/invoke/LambdaForm$MH+0x000002906fa0d400'
Event: 41014.229 Thread 0x000002906a260d90 Unloading class 0x000002906fc4a800 'java/lang/invoke/LambdaForm$MH+0x000002906fc4a800'
Event: 41014.229 Thread 0x000002906a260d90 Unloading class 0x000002906fc48400 'java/lang/invoke/LambdaForm$MH+0x000002906fc48400'

Classes redefined (4 events):
Event: 0.442 Thread 0x000002906a260d90 redefined class name=java.math.BigInteger, count=1
Event: 0.460 Thread 0x000002906a260d90 redefined class name=java.net.InetAddress, count=1
Event: 0.469 Thread 0x000002906a260d90 redefined class name=sun.management.VMManagementImpl, count=1
Event: 0.519 Thread 0x000002906a260d90 redefined class name=java.lang.Class, count=1

Internal exceptions (20 events):
Event: 41093.855 Thread 0x0000029149697e40 Exception <a 'sun/nio/fs/WindowsException'{0x00000000e77aa8a0}> (0x00000000e77aa8a0) 
thrown [s\src\hotspot\share\prims\jni.cpp, line 535]
Event: 41093.855 Thread 0x0000029149697e40 Exception <a 'sun/nio/fs/WindowsException'{0x00000000e77ae308}> (0x00000000e77ae308) 
thrown [s\src\hotspot\share\prims\jni.cpp, line 535]
Event: 41096.586 Thread 0x000002914f4b7aa0 Exception <a 'sun/nio/fs/WindowsException'{0x00000000e7361130}> (0x00000000e7361130) 
thrown [s\src\hotspot\share\prims\jni.cpp, line 535]
Event: 41096.586 Thread 0x0000029155877d60 Exception <a 'java/net/ConnectException'{0x00000000e72b7870}: Connection refused: connect> (0x00000000e72b7870) 
thrown [s\src\hotspot\share\prims\jni.cpp, line 567]
Event: 41101.602 Thread 0x00000291446d0930 Exception <a 'sun/nio/fs/WindowsException'{0x00000000e6ccdf48}> (0x00000000e6ccdf48) 
thrown [s\src\hotspot\share\prims\jni.cpp, line 535]
Event: 41101.603 Thread 0x00000291558869a0 Exception <a 'java/net/ConnectException'{0x00000000e68000a8}: Connection refused: connect> (0x00000000e68000a8) 
thrown [s\src\hotspot\share\prims\jni.cpp, line 567]
Event: 41102.611 Thread 0x0000029028fc98f0 Exception <a 'sun/nio/fs/WindowsException'{0x00000000e6510a38}> (0x00000000e6510a38) 
thrown [s\src\hotspot\share\prims\jni.cpp, line 535]
Event: 41106.615 Thread 0x00000291446d5160 Exception <a 'sun/nio/fs/WindowsException'{0x00000000e5d45500}> (0x00000000e5d45500) 
thrown [s\src\hotspot\share\prims\jni.cpp, line 535]
Event: 41106.615 Thread 0x0000029155877d60 Exception <a 'java/net/ConnectException'{0x00000000e5d7c6f8}: Connection refused: connect> (0x00000000e5d7c6f8) 
thrown [s\src\hotspot\share\prims\jni.cpp, line 567]
Event: 41111.626 Thread 0x000002914f4b7aa0 Exception <a 'sun/nio/fs/WindowsException'{0x00000000e557cfa0}> (0x00000000e557cfa0) 
thrown [s\src\hotspot\share\prims\jni.cpp, line 535]
Event: 41111.627 Thread 0x00000291558869a0 Exception <a 'java/net/ConnectException'{0x00000000e545ca70}: Connection refused: connect> (0x00000000e545ca70) 
thrown [s\src\hotspot\share\prims\jni.cpp, line 567]
Event: 41116.639 Thread 0x0000029124e983a0 Exception <a 'sun/nio/fs/WindowsException'{0x00000000e4fe1f50}> (0x00000000e4fe1f50) 
thrown [s\src\hotspot\share\prims\jni.cpp, line 535]
Event: 41116.639 Thread 0x0000029155877d60 Exception <a 'java/net/ConnectException'{0x00000000e4bf5460}: Connection refused: connect> (0x00000000e4bf5460) 
thrown [s\src\hotspot\share\prims\jni.cpp, line 567]
Event: 41121.643 Thread 0x000002914f4bdd10 Exception <a 'sun/nio/fs/WindowsException'{0x00000000e4512310}> (0x00000000e4512310) 
thrown [s\src\hotspot\share\prims\jni.cpp, line 535]
Event: 41121.646 Thread 0x00000291558869a0 Exception <a 'java/net/ConnectException'{0x00000000e412a588}: Connection refused: connect> (0x00000000e412a588) 
thrown [s\src\hotspot\share\prims\jni.cpp, line 567]
Event: 41126.656 Thread 0x000002914f4b7aa0 Exception <a 'sun/nio/fs/WindowsException'{0x00000000e39adbd8}> (0x00000000e39adbd8) 
thrown [s\src\hotspot\share\prims\jni.cpp, line 535]
Event: 41126.656 Thread 0x0000029155877d60 Exception <a 'java/net/ConnectException'{0x00000000e3885c48}: Connection refused: connect> (0x00000000e3885c48) 
thrown [s\src\hotspot\share\prims\jni.cpp, line 567]
Event: 41131.665 Thread 0x000002914f4bdd10 Exception <a 'sun/nio/fs/WindowsException'{0x00000000e3037f98}> (0x00000000e3037f98) 
thrown [s\src\hotspot\share\prims\jni.cpp, line 535]
Event: 41131.666 Thread 0x00000291558869a0 Exception <a 'java/net/ConnectException'{0x00000000e2f00a90}: Connection refused: connect> (0x00000000e2f00a90) 
thrown [s\src\hotspot\share\prims\jni.cpp, line 567]
Event: 41133.118 Thread 0x000002914f4bcff0 Exception <a 'sun/nio/fs/WindowsException'{0x00000000e07e5520}> (0x00000000e07e5520) 
thrown [s\src\hotspot\share\prims\jni.cpp, line 535]

ZGC Phase Switch (0 events):
No events

VM Operations (20 events):
Event: 41014.227 Executing VM operation: G1PauseRemark
Event: 41014.948 Executing VM operation: G1PauseRemark done
Event: 41015.307 Executing VM operation: G1PauseCleanup
Event: 41015.309 Executing VM operation: G1PauseCleanup done
Event: 41027.443 Executing VM operation: Cleanup
Event: 41027.443 Executing VM operation: Cleanup done
Event: 41029.470 Executing VM operation: Cleanup
Event: 41029.471 Executing VM operation: Cleanup done
Event: 41039.346 Executing VM operation: HandshakeAllThreads (HandshakeForDeflation)
Event: 41039.347 Executing VM operation: HandshakeAllThreads (HandshakeForDeflation) done
Event: 41039.347 Executing VM operation: RendezvousGCThreads
Event: 41039.347 Executing VM operation: RendezvousGCThreads done
Event: 41043.377 Executing VM operation: Cleanup
Event: 41043.377 Executing VM operation: Cleanup done
Event: 41099.433 Executing VM operation: HandshakeAllThreads (HandshakeForDeflation)
Event: 41099.433 Executing VM operation: HandshakeAllThreads (HandshakeForDeflation) done
Event: 41099.433 Executing VM operation: RendezvousGCThreads
Event: 41099.433 Executing VM operation: RendezvousGCThreads done
Event: 41132.751 Executing VM operation: Cleanup
Event: 41132.752 Executing VM operation: Cleanup done

Memory protections (0 events):
No events

Nmethod flushes (20 events):
Event: 41014.938 Thread 0x000002906a260d90 flushing  nmethod 0x00000290002e7090
Event: 41014.938 Thread 0x000002906a260d90 flushing  nmethod 0x0000029000b22590
Event: 41014.938 Thread 0x000002906a260d90 flushing  nmethod 0x00000290013cf210
Event: 41014.938 Thread 0x000002906a260d90 flushing  nmethod 0x0000029001898010
Event: 41014.938 Thread 0x000002906a260d90 flushing  nmethod 0x0000029001930990
Event: 41014.938 Thread 0x000002906a260d90 flushing  nmethod 0x0000029001a4f290
Event: 41014.938 Thread 0x000002906a260d90 flushing  nmethod 0x000002900236f810
Event: 41014.938 Thread 0x000002906a260d90 flushing  nmethod 0x0000029002646b90
Event: 41014.938 Thread 0x000002906a260d90 flushing  nmethod 0x00000290028d9490
Event: 41014.938 Thread 0x000002906a260d90 flushing  nmethod 0x0000029002e7ab10
Event: 41014.938 Thread 0x000002906a260d90 flushing  nmethod 0x0000029002ef8790
Event: 41014.939 Thread 0x000002906a260d90 flushing  nmethod 0x00000290036d1890
Event: 41014.939 Thread 0x000002906a260d90 flushing  nmethod 0x0000029005695f10
Event: 41014.939 Thread 0x000002906a260d90 flushing  nmethod 0x0000029005dbf010
Event: 41014.939 Thread 0x000002906a260d90 flushing  nmethod 0x000002900050b590
Event: 41014.939 Thread 0x000002906a260d90 flushing  nmethod 0x0000029000b10310
Event: 41014.939 Thread 0x000002906a260d90 flushing  nmethod 0x0000029001a6cf10
Event: 41014.939 Thread 0x000002906a260d90 flushing  nmethod 0x0000029001bdba10
Event: 41014.939 Thread 0x000002906a260d90 flushing  nmethod 0x0000029004a04610
Event: 41014.939 Thread 0x000002906a260d90 flushing  nmethod 0x00000290056a0310

Events (20 events):
Event: 41072.237 Thread 0x0000029175bce640 Thread exited: 0x0000029175bce640
Event: 41072.923 Thread 0x0000029167551db0 Thread exited: 0x0000029167551db0
Event: 41072.923 Thread 0x000002916754ae20 Thread exited: 0x000002916754ae20
Event: 41072.923 Thread 0x000002916754a790 Thread exited: 0x000002916754a790
Event: 41080.823 Thread 0x0000029149698b60 Thread exited: 0x0000029149698b60
Event: 41089.401 Thread 0x000002916754bb40 Thread exited: 0x000002916754bb40
Event: 41097.975 Thread 0x000002913e2a8ea0 Thread exited: 0x000002913e2a8ea0
Event: 41106.553 Thread 0x0000029175bcf360 Thread exited: 0x0000029175bcf360
Event: 41115.132 Thread 0x000002918243d060 Thread exited: 0x000002918243d060
Event: 41123.707 Thread 0x000002916275b4e0 Thread exited: 0x000002916275b4e0
Event: 41132.413 Thread 0x00000290dfaf8a00 Thread added: 0x000002916275b4e0
Event: 41132.421 Thread 0x000002916275b4e0 Thread added: 0x0000029149698b60
Event: 41132.422 Thread 0x0000029149698b60 Thread added: 0x00000291480cac20
Event: 41132.422 Thread 0x0000029149698b60 Thread added: 0x000002917aa6cc80
Event: 41132.423 Thread 0x00000291480cac20 Thread added: 0x000002913e2a6dd0
Event: 41132.423 Thread 0x00000290dfaf8a00 Thread added: 0x00000291801a0fa0
Event: 41132.423 Thread 0x0000029149698b60 Thread added: 0x00000291686c5c30
Event: 41132.437 Thread 0x000002914f4bc2d0 Thread added: 0x0000029162766ca0
Event: 41132.438 Thread 0x000002914f4bc2d0 Thread added: 0x00000291627679c0
Event: 41132.438 Thread 0x000002914f4bc2d0 Thread added: 0x0000029162768d70


Dynamic libraries:
0x00007ff6bb690000 - 0x00007ff6bb7ff000 	D:\rider\JetBrains Rider 2025.1.2\bin\rider64.exe
0x00007ffddfac0000 - 0x00007ffddfd27000 	C:\WINDOWS\SYSTEM32\ntdll.dll
0x00007ffddf460000 - 0x00007ffddf529000 	C:\WINDOWS\System32\KERNEL32.DLL
0x00007ffddd020000 - 0x00007ffddd40f000 	C:\WINDOWS\System32\KERNELBASE.dll
0x00007ffddd570000 - 0x00007ffddd615000 	C:\WINDOWS\System32\bcryptprimitives.dll
0x00007ffddf5f0000 - 0x00007ffddf6a4000 	C:\WINDOWS\System32\ADVAPI32.dll
0x00007ffddf3b0000 - 0x00007ffddf459000 	C:\WINDOWS\System32\msvcrt.dll
0x00007ffddee40000 - 0x00007ffddeee6000 	C:\WINDOWS\System32\sechost.dll
0x00007ffddf960000 - 0x00007ffddfa78000 	C:\WINDOWS\System32\RPCRT4.dll
0x00007ffdde950000 - 0x00007ffddea26000 	C:\WINDOWS\System32\OLEAUT32.dll
0x00007ffddcd80000 - 0x00007ffddce23000 	C:\WINDOWS\System32\msvcp_win.dll
0x00007ffdda440000 - 0x00007ffdda682000 	C:\WINDOWS\SYSTEM32\dbghelp.dll
0x00007ffddd420000 - 0x00007ffddd56b000 	C:\WINDOWS\System32\ucrtbase.dll
0x00007ffddeef0000 - 0x00007ffddf275000 	C:\WINDOWS\System32\combase.dll
0x00007ffdddfb0000 - 0x00007ffdde703000 	C:\WINDOWS\System32\SHELL32.dll
0x00007ffdde710000 - 0x00007ffdde8d5000 	C:\WINDOWS\System32\USER32.dll
0x00007ffddcec0000 - 0x00007ffddcee7000 	C:\WINDOWS\System32\win32u.dll
0x00007ffddea30000 - 0x00007ffddea5b000 	C:\WINDOWS\System32\GDI32.dll
0x00007ffddcef0000 - 0x00007ffddd01c000 	C:\WINDOWS\System32\gdi32full.dll
0x00007ffddcc10000 - 0x00007ffddcd7a000 	C:\WINDOWS\System32\wintypes.dll
0x00007ffddbfe0000 - 0x00007ffddc00b000 	C:\WINDOWS\SYSTEM32\USERENV.dll
0x00007ffdcba30000 - 0x00007ffdcba65000 	C:\WINDOWS\SYSTEM32\WINMM.dll
0x00007ffddd860000 - 0x00007ffddd891000 	C:\WINDOWS\System32\IMM32.DLL
0x00007ffdda850000 - 0x00007ffddb0ae000 	C:\WINDOWS\SYSTEM32\windows.storage.dll
0x00007ffddf280000 - 0x00007ffddf375000 	C:\WINDOWS\System32\SHCORE.dll
0x00007ffdde8e0000 - 0x00007ffdde946000 	C:\WINDOWS\System32\shlwapi.dll
0x00007ffddcb30000 - 0x00007ffddcb59000 	C:\WINDOWS\SYSTEM32\profapi.dll
0x00007ffddbae0000 - 0x00007ffddbb16000 	C:\WINDOWS\SYSTEM32\ntmarta.dll
0x00007ffce7480000 - 0x00007ffce8241000 	D:\rider\JetBrains Rider 2025.1.2\jbr\bin\server\jvm.dll
0x00007ffddda00000 - 0x00007ffddda74000 	C:\WINDOWS\System32\WS2_32.dll
0x00007ffddca70000 - 0x00007ffddcace000 	C:\WINDOWS\SYSTEM32\POWRPROF.dll
0x00007ffd45820000 - 0x00007ffd4583b000 	D:\rider\JetBrains Rider 2025.1.2\jbr\bin\VCRUNTIME140.dll
0x00007ffda66c0000 - 0x00007ffda66cc000 	D:\rider\JetBrains Rider 2025.1.2\jbr\bin\VCRUNTIME140_1.dll
0x00007ffdd38b0000 - 0x00007ffdd38bb000 	C:\WINDOWS\SYSTEM32\VERSION.dll
0x00007ffddca50000 - 0x00007ffddca64000 	C:\WINDOWS\SYSTEM32\UMPDC.dll
0x00007ffd9c720000 - 0x00007ffd9c72a000 	D:\rider\JetBrains Rider 2025.1.2\jbr\bin\jimage.dll
0x00007ffdd9770000 - 0x00007ffdd97ac000 	C:\WINDOWS\SYSTEM32\dbgcore.DLL
0x00007ffd4be10000 - 0x00007ffd4be1e000 	D:\rider\JetBrains Rider 2025.1.2\jbr\bin\instrument.dll
0x00007ffd3c1c0000 - 0x00007ffd3c1e0000 	D:\rider\JetBrains Rider 2025.1.2\jbr\bin\java.dll
0x00007ffd39a90000 - 0x00007ffd39aa8000 	D:\rider\JetBrains Rider 2025.1.2\jbr\bin\jli.dll
0x00007ffdc0130000 - 0x00007ffdc01e4000 	C:\WINDOWS\WinSxS\amd64_microsoft.windows.common-controls_6595b64144ccf1df_5.82.26100.7309_none_87ef0e2f7a2c9771\COMCTL32.dll
0x00007ffd38560000 - 0x00007ffd38578000 	D:\rider\JetBrains Rider 2025.1.2\jbr\bin\zip.dll
0x00007ffddb9c0000 - 0x00007ffddb9db000 	C:\WINDOWS\SYSTEM32\kernel.appcore.dll
0x00007ffd4a4f0000 - 0x00007ffd4a500000 	D:\rider\JetBrains Rider 2025.1.2\jbr\bin\net.dll
0x00007ffdd7130000 - 0x00007ffdd7258000 	C:\WINDOWS\SYSTEM32\WINHTTP.dll
0x00007ffddbf30000 - 0x00007ffddbf9b000 	C:\WINDOWS\system32\mswsock.dll
0x00007ffd04360000 - 0x00007ffd04376000 	D:\rider\JetBrains Rider 2025.1.2\jbr\bin\nio.dll
0x00007ffd49c60000 - 0x00007ffd49c69000 	D:\rider\JetBrains Rider 2025.1.2\jbr\bin\management.dll
0x00007ffd38550000 - 0x00007ffd3855b000 	D:\rider\JetBrains Rider 2025.1.2\jbr\bin\management_ext.dll
0x00007ffddf950000 - 0x00007ffddf958000 	C:\WINDOWS\System32\PSAPI.DLL
0x00007ffdcb780000 - 0x00007ffdcb798000 	C:\WINDOWS\system32\napinsp.dll
0x00007ffddb4c0000 - 0x00007ffddb5ec000 	C:\WINDOWS\SYSTEM32\DNSAPI.dll
0x00007ffddb480000 - 0x00007ffddb4b4000 	C:\WINDOWS\SYSTEM32\IPHLPAPI.DLL
0x00007ffdddfa0000 - 0x00007ffdddfaa000 	C:\WINDOWS\System32\NSI.dll
0x00007ffdc9c30000 - 0x00007ffdc9c42000 	C:\WINDOWS\System32\winrnr.dll
0x00007ffdc9c00000 - 0x00007ffdc9c22000 	C:\WINDOWS\system32\nlansp_c.dll
0x00007ffdd31c0000 - 0x00007ffdd31d6000 	C:\WINDOWS\system32\wshbth.dll
0x00007ffdcb070000 - 0x00007ffdcb07b000 	C:\Windows\System32\rasadhlp.dll
0x00007ffdd04f0000 - 0x00007ffdd0576000 	C:\WINDOWS\System32\fwpuclnt.dll
0x00007ffd33200000 - 0x00007ffd33210000 	D:\rider\JetBrains Rider 2025.1.2\jbr\bin\verify.dll
0x00007ffcf35e0000 - 0x00007ffcf3778000 	D:\rider\JetBrains Rider 2025.1.2\jbr\bin\awt.dll
0x00007ffdd9e40000 - 0x00007ffdd9e70000 	C:\WINDOWS\SYSTEM32\dwmapi.dll
0x00007ffcf37d0000 - 0x00007ffcf3814000 	D:\rider\JetBrains Rider 2025.1.2\jbr\bin\nvdaControllerClient64.dll
0x00007ffcf3550000 - 0x00007ffcf35dd000 	D:\rider\JetBrains Rider 2025.1.2\bin\MSVCP140.dll
0x00007ffdd9850000 - 0x00007ffdd98ef000 	C:\WINDOWS\SYSTEM32\apphelp.dll
0x00007ffd0cf70000 - 0x00007ffd0cf79000 	D:\rider\JetBrains Rider 2025.1.2\jbr\bin\prefs.dll
0x00007ffdd99d0000 - 0x00007ffdd9a7b000 	C:\WINDOWS\system32\uxtheme.dll
0x00007ffd960d0000 - 0x00007ffd96203000 	C:\ProgramData\A-Volute\A-Volute.Nahimic\Modules\Scheduled\x64\AudioDevProps2.dll
0x00007ffddf730000 - 0x00007ffddf8c7000 	C:\WINDOWS\System32\ole32.dll
0x00007ffd04350000 - 0x00007ffd0435e000 	D:\rider\JetBrains Rider 2025.1.2\jbr\bin\sunmscapi.dll
0x00007ffddd6e0000 - 0x00007ffddd857000 	C:\WINDOWS\System32\CRYPT32.dll
0x00007ffddc410000 - 0x00007ffddc440000 	C:\WINDOWS\SYSTEM32\ncrypt.dll
0x00007ffddc3c0000 - 0x00007ffddc3ff000 	C:\WINDOWS\SYSTEM32\NTASN1.dll
0x00000290dfe20000 - 0x00000290dff7e000 	C:\WINDOWS\System32\MSCTF.dll
0x00007ffda69d0000 - 0x00007ffda69d8000 	C:\WINDOWS\system32\wshunix.dll
0x00007ffd04340000 - 0x00007ffd04349000 	D:\rider\JetBrains Rider 2025.1.2\jbr\bin\extnet.dll
0x00007ffcf34c0000 - 0x00007ffcf3547000 	D:\rider\JetBrains Rider 2025.1.2\jbr\bin\freetype.dll
0x00007ffce73a0000 - 0x00007ffce747e000 	D:\rider\JetBrains Rider 2025.1.2\jbr\bin\fontmanager.dll
0x00007ffcf3470000 - 0x00007ffcf34b5000 	D:\rider\JetBrains Rider 2025.1.2\lib\jna\amd64\jnidispatch.dll
0x00007ffdd9900000 - 0x00007ffdd9929000 	C:\WINDOWS\system32\Wtsapi32.dll
0x00007ffddbc60000 - 0x00007ffddbca9000 	C:\WINDOWS\SYSTEM32\SspiCli.dll
0x00007ffddc810000 - 0x00007ffddc874000 	C:\WINDOWS\SYSTEM32\WINSTA.dll
0x00007ffd971f0000 - 0x00007ffd97300000 	C:\WINDOWS\system32\opengl32.dll
0x00007ffdc2ac0000 - 0x00007ffdc2aed000 	C:\WINDOWS\SYSTEM32\GLU32.dll
0x00007ffdd9ba0000 - 0x00007ffdd9be4000 	C:\WINDOWS\SYSTEM32\dxcore.dll
0x00007ffddc1f0000 - 0x00007ffddc20b000 	C:\WINDOWS\SYSTEM32\CRYPTSP.dll
0x00007ffddb920000 - 0x00007ffddb95a000 	C:\WINDOWS\system32\rsaenh.dll
0x00007ffddcb00000 - 0x00007ffddcb2a000 	C:\WINDOWS\SYSTEM32\bcrypt.dll
0x00007ffddc210000 - 0x00007ffddc21c000 	C:\WINDOWS\SYSTEM32\CRYPTBASE.dll
0x00007ffddc320000 - 0x00007ffddc333000 	C:\WINDOWS\SYSTEM32\MSASN1.dll
0x00007ffddbfa0000 - 0x00007ffddbfd2000 	C:\WINDOWS\SYSTEM32\gpapi.dll
0x00007ffdd3590000 - 0x00007ffdd35cb000 	C:\WINDOWS\SYSTEM32\cryptnet.dll
0x00007ffdd9ae0000 - 0x00007ffdd9aef000 	C:\WINDOWS\SYSTEM32\WINNSI.DLL
0x00007ffdc3870000 - 0x00007ffdc3a49000 	C:\WINDOWS\WinSxS\amd64_microsoft.windows.gdiplus_6595b64144ccf1df_1.1.26100.7309_none_6ef0f1d03dc91a12\gdiplus.dll
0x00007ffdb5ab0000 - 0x00007ffdb5bf8000 	C:\WINDOWS\SYSTEM32\textinputframework.dll
0x00007ffddf530000 - 0x00007ffddf5e0000 	C:\WINDOWS\System32\clbcatq.dll
0x00007ffdbb330000 - 0x00007ffdbb38e000 	C:\WINDOWS\system32\ApplicationTargetedFeatureDatabase.dll
0x00007ffdd0580000 - 0x00007ffdd07c4000 	C:\Windows\System32\twinapi.appcore.dll
0x00007ffdb9350000 - 0x00007ffdb9361000 	C:\WINDOWS\SYSTEM32\wtdccm.dll
0x00007ffdcad50000 - 0x00007ffdcad62000 	C:\WINDOWS\system32\wbem\wbemprox.dll
0x00007ffdc5160000 - 0x00007ffdc51da000 	C:\WINDOWS\SYSTEM32\wbemcomn.dll
0x00007ffdc40d0000 - 0x00007ffdc40e5000 	C:\WINDOWS\system32\wbem\wbemsvc.dll
0x00007ffdc41d0000 - 0x00007ffdc42c2000 	C:\WINDOWS\system32\wbem\fastprox.dll
0x00007ffdc3ca0000 - 0x00007ffdc3cbd000 	C:\WINDOWS\SYSTEM32\amsi.dll
0x00007ffdd9480000 - 0x00007ffdd95a7000 	C:\WINDOWS\SYSTEM32\CoreMessaging.dll
0x00007ffdd4570000 - 0x00007ffdd4852000 	C:\WINDOWS\SYSTEM32\CoreUIComponents.dll
0x00007ffdd3860000 - 0x00007ffdd387e000 	C:\WINDOWS\SYSTEM32\dhcpcsvc6.DLL
0x00007ffdd35d0000 - 0x00007ffdd35f3000 	C:\WINDOWS\SYSTEM32\dhcpcsvc.DLL
0x00007ffdc2bb0000 - 0x00007ffdc2e43000 	C:\WINDOWS\WinSxS\amd64_microsoft.windows.common-controls_6595b64144ccf1df_6.0.26100.7309_none_3e05feeae336a044\comctl32.dll
0x00007ffdd7ff0000 - 0x00007ffdd8220000 	C:\WINDOWS\SYSTEM32\WindowsCodecs.dll
0x00007ffdbb280000 - 0x00007ffdbb2da000 	C:\WINDOWS\system32\dataexchange.dll
0x00007ffce9bf0000 - 0x00007ffce9c28000 	D:\rider\JetBrains Rider 2025.1.2\bin\WinShellIntegrationBridge.dll
0x00007ffdbac60000 - 0x00007ffdbad0d000 	C:\Windows\System32\appresolver.dll
0x00007ffdd6bf0000 - 0x00007ffdd6cf3000 	C:\WINDOWS\system32\propsys.dll
0x00007ffdb80e0000 - 0x00007ffdb813e000 	C:\Windows\System32\Bcp47Langs.dll
0x00007ffddf8d0000 - 0x00007ffddf94c000 	C:\WINDOWS\System32\coml2.dll
0x00007ffddc750000 - 0x00007ffddc7a7000 	C:\WINDOWS\SYSTEM32\CFGMGR32.dll
0x00007ffda3070000 - 0x00007ffda312c000 	C:\Windows\System32\Windows.FileExplorer.Common.dll
0x00007ffd9a630000 - 0x00007ffd9a63f000 	C:\WINDOWS\SYSTEM32\LINKINFO.dll
0x00007ffda5ac0000 - 0x00007ffda5b67000 	C:\WINDOWS\SYSTEM32\ntshrui.dll
0x00007ffdbb7d0000 - 0x00007ffdbb7f9000 	C:\WINDOWS\SYSTEM32\srvcli.dll
0x00007ffda06a0000 - 0x00007ffda06b3000 	C:\WINDOWS\SYSTEM32\cscapi.dll
0x00007ffdd8ae0000 - 0x00007ffdd8b94000 	C:\WINDOWS\SYSTEM32\policymanager.dll
0x00007ffdaba70000 - 0x00007ffdabd2d000 	C:\WINDOWS\system32\explorerframe.dll
0x00007ffddc800000 - 0x00007ffddc80a000 	C:\WINDOWS\SYSTEM32\DPAPI.dll
0x00007ffdbb930000 - 0x00007ffdbb986000 	C:\WINDOWS\SYSTEM32\pdh.dll
0x00007ffdb2e90000 - 0x00007ffdb2ea1000 	C:\WINDOWS\System32\perfos.dll
0x00007ffdd9b30000 - 0x00007ffdd9b42000 	C:\WINDOWS\SYSTEM32\pfclient.dll

dbghelp: loaded successfully - version: 4.0.5 - missing functions: none
symbol engine: initialized successfully - sym options: 0x614 - pdb path: .;D:\rider\JetBrains Rider 2025.1.2\bin;C:\WINDOWS\SYSTEM32;D:\rider\JetBrains Rider 2025.1.2\jbr\bin\server;D:\rider\JetBrains Rider 2025.1.2\jbr\bin;C:\WINDOWS\WinSxS\amd64_microsoft.windows.common-controls_6595b64144ccf1df_5.82.26100.7309_none_87ef0e2f7a2c9771;C:\ProgramData\A-Volute\A-Volute.Nahimic\Modules\Scheduled\x64;D:\rider\JetBrains Rider 2025.1.2\lib\jna\amd64;C:\WINDOWS\WinSxS\amd64_microsoft.windows.gdiplus_6595b64144ccf1df_1.1.26100.7309_none_6ef0f1d03dc91a12;C:\WINDOWS\system32\wbem;C:\WINDOWS\WinSxS\amd64_microsoft.windows.common-controls_6595b64144ccf1df_6.0.26100.7309_none_3e05feeae336a044;C:\Users\荣耀\AppData\Local\JetBrains\Rider2025.1;C:\Users\荣耀\AppData\Local\JetBrains\Rider2025.1\tmp;D:\rider\JetBrains Rider 2025.1.2\plugins\dotCommon\DotFiles\win

VM Arguments:
jvm_args: abort vfprintf -XX:ErrorFile=C:\Users\荣耀\java_error_in_rider_%p.log -XX:HeapDumpPath=C:\Users\荣耀\java_error_in_rider.hprof -Xms128m -Xmx2048m -XX:ReservedCodeCacheSize=512m -XX:+HeapDumpOnOutOfMemoryError -XX:-OmitStackTraceInFastThrow -XX:CICompilerCount=2 -XX:+IgnoreUnrecognizedVMOptions -XX:+UnlockDiagnosticVMOptions -XX:TieredOldPercentage=100000 -ea -Dsun.io.useCanonCaches=false -Dsun.java2d.metal=true -Djbr.catch.SIGABRT=true -Djdk.http.auth.tunneling.disabledSchemes="" -Djdk.attach.allowAttachSelf=true -Djdk.module.illegalAccess.silent=true -Djdk.nio.maxCachedBufferSize=2097152 -Djava.util.zip.use.nio.for.zip.file.access=true -Dkotlinx.coroutines.debug=off -Dllm.show.ai.promotion.window.on.start=false -Xms128m -Xmx1024m -XX:ReservedCodeCacheSize=512m -XX:+IgnoreUnrecognizedVMOptions -XX:+UseG1GC -XX:SoftRefLRUPolicyMSPerMB=50 -XX:CICompilerCount=2 -XX:+HeapDumpOnOutOfMemoryError -XX:-OmitStackTraceInFastThrow -ea -Dsun.io.useCanonCaches=false -Djdk.http.auth.tunneling.disabledSchemes="" -Djdk.attach.allowAttachSelf=true -Djdk.module.illegalAccess.silent=true -Dkotlinx.coroutines.debug=off -XX:ErrorFile=$USER_HOME/java_error_in_idea_%p.log -XX:HeapDumpPath=$USER_HOME/java_error_in_idea.hprof --add-opens=java.base/jdk.internal.org.objectweb.asm=ALL-UNNAMED --add-opens=java.base/jdk.internal.org.objectweb.asm.tree=ALL-UNNAMED -javaagent:D:\rider\win2024\ja-netfilter.jar=jetbrains -Djb.vmOptionsFile=D:\rider\win2024\vmoptions\rider.vmoptions -Xbootclasspath/a:D:\rider\JetBrains Rider 2025.1.2/lib/nio-fs.jar -Djava.system.class.loader=com.intellij.util.lang.PathClassLoader -Didea.vendor.name=JetBrains -Didea.paths.selector=Rider2025.1 -Djna.boot.library.path=D:\rider\JetBrains Rider 2025.1.2/lib/jna/amd64 -Djna.nosys=true -Djna.noclasspath=true -Dpty4j.preferred.native.folder=D:\rider\JetBrains Rider 2025.1.2/lib/pty4j -Dio.netty.allocator.type=pooled -Dintellij.platform.runtime.repository.path=D:\rider\JetBrains Rider 2025.1.2/modules/module-descriptors.jar -Didea.platform.prefix=Rider -Dwsl.use.remote.agent.for.nio.filesystem=true -Djava.nio.file.spi.DefaultFileSystemProvider=com.intellij.platform.core.nio.fs.MultiRoutingFileSystemProvider -Dide.native.launcher=true -Didea.class.before.app=com.jetbrains.rider.protocol.EarlyBackendStarter -Didea.show.customize.ide.wizard=true -DFilePageCache.THROW_ERROR_ON_DUPLICATE_STORAGE_REGISTRATION=false -Dsplash=true -Daether.connector.resumeDownloads=false -Dcompose.swing.render.on.graphics=true --add-opens=java.base/java.io=ALL-UNNAMED --add-opens=java.base/java.lang=ALL-UNNAMED --add-opens=java.base/java.lang.ref=ALL-UNNAMED --add-opens=java.base/java.lang.reflect=ALL-UNNAMED --add-opens=java.base/java.net=ALL-UNNAMED --add-opens=java.base/java.nio=ALL-UNNAMED --add-opens=java.base/java.nio.charset=ALL-UNNAMED --add-opens=java.base/java.text=ALL-UNNAMED --add-opens=java.base/java.time=ALL-UNNAMED --add-opens=java.base/java.util=ALL-UNNAMED --add-opens=java.base/java.util.concurrent=ALL-UNNAMED --add-opens=java.base/java.util.concurrent.atomic=ALL-UNNAMED --add-opens=java.base/java.util.concurrent.locks=ALL-UNNAMED --add-opens=java.base/jdk.internal.vm=ALL-UNNAMED --add-opens=java.base/sun.net.dns=ALL-UNNAMED --add-opens=java.base/sun.nio.ch=ALL-UNNAMED --add-opens=java.base/sun.nio.fs=ALL-UNNAMED --add-opens=java.base/sun.security.ssl=ALL-UNNAMED --add-opens=java.base/sun.security.util=ALL-UNNAMED --add-opens=java.desktop/com.sun.java.swing=ALL-UNNAMED --add-opens=java.desktop/java.awt=ALL-UNNAMED --add-opens=java.desktop/java.awt.dnd.peer=ALL-UNNAMED --add-opens=java.desktop/java.awt.event=ALL-UNNAMED --add-opens=java.desktop/java.awt.font=ALL-UNNAMED --add-opens=java.desktop/java.awt.image=ALL-UNNAMED --add-opens=java.desktop/java.awt.peer=ALL-UNNAMED --add-opens=java.desktop/javax.swing=ALL-UNNAMED --add-opens=java.desktop/javax.swing.plaf.basic=ALL-UNNAMED --add-opens=java.desktop/javax.swing.text=ALL-UNNAMED --add-opens=java.desktop/javax.swing.text.html=ALL-UNNAMED --add-opens=java.desktop/sun.awt=ALL-UNNAMED --add-opens=java.desktop/sun.awt.datatransfer=ALL-UNNAMED --add-opens=java.desktop/sun.awt.image=ALL-UNNAMED --add-opens=java.desktop/sun.awt.windows=ALL-UNNAMED --add-opens=java.desktop/sun.font=ALL-UNNAMED --add-opens=java.desktop/sun.java2d=ALL-UNNAMED --add-opens=java.desktop/sun.swing=ALL-UNNAMED --add-opens=java.management/sun.management=ALL-UNNAMED --add-opens=jdk.attach/sun.tools.attach=ALL-UNNAMED --add-opens=jdk.compiler/com.sun.tools.javac.api=ALL-UNNAMED --add-opens=jdk.internal.jvmstat/sun.jvmstat.monitor=ALL-UNNAMED --add-opens=jdk.jdi/com.sun.tools.jdi=ALL-UNNAMED -Dide.native.launcher=true -Djcef.sandbox.ptr=000002905F890540 -Djcef.sandbox.cefVersion=122.1.9+gd14e051+chromium-122.0.6261.94 
java_command: com.intellij.idea.Main D:\forkTemp\YFramework\client\client.sln --line -1 --column -1 D:\forkTemp\YFramework\client\Assets\Scripts\GamePlay\Player\PetEntity.cs
java_class_path (initial): D:\rider\JetBrains Rider 2025.1.2\lib\platform-loader.jar;D:\rider\JetBrains Rider 2025.1.2\lib\util-8.jar;D:\rider\JetBrains Rider 2025.1.2\lib\util.jar;D:\rider\JetBrains Rider 2025.1.2\lib\app-client.jar;D:\rider\JetBrains Rider 2025.1.2\lib\util_rt.jar;D:\rider\JetBrains Rider 2025.1.2\lib\product.jar;D:\rider\JetBrains Rider 2025.1.2\lib\lib-client.jar;D:\rider\JetBrains Rider 2025.1.2\lib\trove.jar;D:\rider\JetBrains Rider 2025.1.2\lib\app.jar;D:\rider\JetBrains Rider 2025.1.2\lib\opentelemetry.jar;D:\rider\JetBrains Rider 2025.1.2\lib\jps-model.jar;D:\rider\JetBrains Rider 2025.1.2\lib\stats.jar;D:\rider\JetBrains Rider 2025.1.2\lib\rd.jar;D:\rider\JetBrains Rider 2025.1.2\lib\external-system-rt.jar;D:\rider\JetBrains Rider 2025.1.2\lib\protobuf.jar;D:\rider\JetBrains Rider 2025.1.2\lib\bouncy-castle.jar;D:\rider\JetBrains Rider 2025.1.2\lib\forms_rt.jar;D:\rider\JetBrains Rider 2025.1.2\lib\lib.jar;D:\rider\JetBrains Rider 2025.1.2\lib\externalProcess-rt.jar;D:\rider\JetBrains Rider 2025.1.2\lib\groovy.jar;D:\rider\JetBrains Rider 2025.1.2\lib\annotations.jar;D:\rider\JetBrains Rider 2025.1.2\lib\jsch-agent.jar;D:\rider\JetBrains Rider 2025.1.2\lib\kotlinx-coroutines-slf4j-1.8.0-intellij.jar;D:\rider\JetBrains Rider 2025.1.2\lib\product-client.jar
Launcher Type: generic

[Global flags]
     intx CICompilerCount                          = 2                                         {product} {command line}
     uint ConcGCThreads                            = 2                                         {product} {ergonomic}
    ccstr ErrorFile                                = $USER_HOME/java_error_in_idea_%p.log            {product} {command line}
     uint G1ConcRefinementThreads                  = 8                                         {product} {ergonomic}
   size_t G1HeapRegionSize                         = 1048576                                   {product} {ergonomic}
    uintx GCDrainStackTargetSize                   = 64                                        {product} {ergonomic}
     bool HeapDumpOnOutOfMemoryError               = true                                   {manageable} {command line}
    ccstr HeapDumpPath                             = $USER_HOME/java_error_in_idea.hprof         {manageable} {command line}
     bool IgnoreUnrecognizedVMOptions              = true                                      {product} {command line}
   size_t InitialHeapSize                          = 134217728                                 {product} {command line}
   size_t MarkStackSize                            = 4194304                                   {product} {ergonomic}
   size_t MaxHeapSize                              = 1073741824                                {product} {command line}
   size_t MaxNewSize                               = 643825664                                 {product} {ergonomic}
   size_t MinHeapDeltaBytes                        = 1048576                                   {product} {ergonomic}
   size_t MinHeapSize                              = 134217728                                 {product} {command line}
    uintx NonNMethodCodeHeapSize                   = 5826188                                {pd product} {ergonomic}
    uintx NonProfiledCodeHeapSize                  = 265522362                              {pd product} {ergonomic}
     bool OmitStackTraceInFastThrow                = false                                     {product} {command line}
    uintx ProfiledCodeHeapSize                     = 265522362                              {pd product} {ergonomic}
    uintx ReservedCodeCacheSize                    = 536870912                              {pd product} {command line}
     bool SegmentedCodeCache                       = true                                      {product} {ergonomic}
   size_t SoftMaxHeapSize                          = 1073741824                             {manageable} {ergonomic}
     intx SoftRefLRUPolicyMSPerMB                  = 50                                        {product} {command line}
     intx TieredOldPercentage                      = 100000                                 {diagnostic} {command line}
     bool UnlockDiagnosticVMOptions                = true                                   {diagnostic} {command line}
     bool UseCompressedOops                        = true                           {product lp64_product} {ergonomic}
     bool UseG1GC                                  = true                                      {product} {command line}
     bool UseLargePagesIndividualAllocation        = false                                  {pd product} {ergonomic}

Logging:
Log output configuration:
 #0: stdout all=warning uptime,level,tags foldmultilines=false
 #1: stderr all=off uptime,level,tags foldmultilines=false

Environment Variables:
PATH=C:\Windows\system32;C:\Windows;C:\Windows\System32\Wbem;C:\Windows\System32\WindowsPowerShell\v1.0\;C:\Windows\System32\OpenSSH\;C:\Program Files (x86)\NVIDIA Corporation\PhysX\Common;C:\Program Files\NVIDIA Corporation\NVIDIA NvDLISR;C:\WINDOWS\system32;C:\WINDOWS;C:\WINDOWS\System32\Wbem;C:\WINDOWS\System32\WindowsPowerShell\v1.0\;C:\WINDOWS\System32\OpenSSH\;C:\Program Files\Git\cmd;C:\Users\荣耀\AppData\Local\Programs\Python\Launcher\;C:\Users\荣耀\AppData\Local\Microsoft\WindowsApps;D:\bandizip\;D:\rider\JetBrains Rider 2025.1.2\bin;;E:\pyCharm\PyCharm 2025.1.3.1\bin;;
USERNAME=荣耀
OS=Windows_NT
PROCESSOR_IDENTIFIER=Intel64 Family 6 Model 165 Stepping 2, GenuineIntel
TMP=C:\Users\荣耀\AppData\Local\Temp
TEMP=C:\Users\荣耀\AppData\Local\Temp




Periodic native trim disabled

JNI global refs:
JNI global refs: 145, weak refs: 173

JNI global refs memory usage: 2099, weak refs: 12537

Process memory usage:
Resident Set Size: 292712K (1% of 16647984K total physical memory with 5975616K free physical memory)

OOME stack traces (most recent first):
Classloader memory used:
Loader com.intellij.util.lang.PathClassLoader                                          : 278M
Loader com.intellij.ide.plugins.cl.PluginClassLoader                                   : 126M
Loader bootstrap                                                                       : 60030K
Loader jdk.internal.loader.ClassLoaders$PlatformClassLoader                            : 2393K
Loader jdk.internal.loader.ClassLoaders$AppClassLoader                                 : 550K
Loader com.alibaba.fastjson.util.ASMClassLoader                                        : 81128B
Loader sun.reflect.misc.MethodUtil                                                     : 4216B

Classes loaded by more than one classloader:
Class com.intellij.ultimate.PluginVerifier                                            : loaded 4 times (x 67B)
Class kotlin.Metadata                                                                 : loaded 3 times (x 66B)
Class com.github.benmanes.caffeine.cache.AsyncLoadingCache                            : loaded 2 times (x 66B)
Class kotlin.NotImplementedError                                                      : loaded 2 times (x 78B)
Class [Lcom.github.benmanes.caffeine.cache.RemovalCause;                              : loaded 2 times (x 65B)
Class kotlin.collections.CollectionsKt__ReversedViewsKt                               : loaded 2 times (x 67B)
Class com.google.gson.JsonObject                                                      : loaded 2 times (x 89B)
Class com.github.benmanes.caffeine.cache.BoundedLocalCache$PerformCleanupTask         : loaded 2 times (x 93B)
Class ai.grazie.text.TextRange$Companion                                              : loaded 2 times (x 67B)
Class ai.grazie.nlp.patterns.ext.AbbreviationPatterns$English$1$1                     : loaded 2 times (x 91B)
Class com.google.gson.stream.MalformedJsonException                                   : loaded 2 times (x 78B)
Class ai.grazie.nlp.patterns.standard.StrictPatterns$IsApostrophe$1                   : loaded 2 times (x 74B)
Class ai.grazie.nlp.langs.LanguageISO$Companion                                       : loaded 2 times (x 67B)
Class com.github.benmanes.caffeine.cache.BoundedLocalCache$AddTask                    : loaded 2 times (x 71B)
Class com.google.gson.internal.bind.TypeAdapters$30                                   : loaded 2 times (x 72B)
Class com.google.gson.internal.bind.JsonTreeReader                                    : loaded 2 times (x 93B)
Class com.google.gson.TypeAdapterFactory                                              : loaded 2 times (x 66B)
Class com.github.benmanes.caffeine.cache.AsyncCache                                   : loaded 2 times (x 66B)
Class ai.grazie.nlp.patterns.standard.StrictPatterns$HasNoLetters$1                   : loaded 2 times (x 74B)
Class ai.grazie.nlp.langs.alphabet.NoneAlphabet                                       : loaded 2 times (x 72B)
Class com.google.gson.internal.bind.TypeAdapters$31                                   : loaded 2 times (x 72B)
Class com.google.gson.JsonSyntaxException                                             : loaded 2 times (x 78B)
Class [Lai.grazie.nlp.patterns.MatchPattern;                                          : loaded 2 times (x 65B)
Class com.github.benmanes.caffeine.cache.stats.DisabledStatsCounter                   : loaded 2 times (x 87B)
Class com.google.gson.internal.bind.TypeAdapters$32                                   : loaded 2 times (x 72B)
Class [Lai.grazie.nlp.langs.alphabet.Alphabet;                                        : loaded 2 times (x 65B)
Class com.google.gson.internal.bind.ObjectTypeAdapter                                 : loaded 2 times (x 70B)
Class ai.grazie.nlp.tokenizer.word.HeuristicWordTokenizer                             : loaded 2 times (x 82B)
Class [Lai.grazie.nlp.langs.LanguageISO;                                              : loaded 2 times (x 65B)
Class com.github.benmanes.caffeine.cache.Policy                                       : loaded 2 times (x 66B)
Class ai.grazie.nlp.tokenizer.sequence.NonDestructiveCharSequenceTokenizer            : loaded 2 times (x 66B)
Class ai.grazie.nlp.patterns.Pattern                                                  : loaded 2 times (x 66B)
Class ai.grazie.utils.mpp.RootDataLoader                                              : loaded 2 times (x 66B)
Class com.google.gson.internal.bind.TypeAdapters                                      : loaded 2 times (x 67B)
Class com.google.gson.FieldNamingPolicy                                               : loaded 2 times (x 79B)
Class [Lcom.github.benmanes.caffeine.cache.AccessOrderDeque$AccessOrder;              : loaded 2 times (x 65B)
Class com.google.gson.JsonArray                                                       : loaded 2 times (x 96B)
Class com.google.gson.FieldNamingStrategy                                             : loaded 2 times (x 66B)
Class ai.grazie.nlp.patterns.ext.AbbreviationPatterns$German$1$2                      : loaded 2 times (x 91B)
Class com.github.benmanes.caffeine.cache.LinkedDeque                                  : loaded 2 times (x 66B)
Class ai.grazie.nlp.patterns.MatchPattern                                             : loaded 2 times (x 66B)
Class com.github.benmanes.caffeine.cache.BaseMpscLinkedArrayQueueConsumerFields       : loaded 2 times (x 139B)
Class com.github.benmanes.caffeine.cache.SS                                           : loaded 2 times (x 309B)
Class kotlin.collections.CollectionsKt__CollectionsKt                                 : loaded 2 times (x 67B)
Class com.google.gson.LongSerializationPolicy                                         : loaded 2 times (x 76B)
Class com.github.benmanes.caffeine.cache.WriteOrderDeque                              : loaded 2 times (x 282B)
Class org.apache.commons.lang3.StringUtils                                            : loaded 2 times (x 67B)
Class [Lai.grazie.nlp.langs.alphabet.Alphabet$Group;                                  : loaded 2 times (x 65B)
Class ai.grazie.nlp.langs.alphabet.Alphabet$Group                                     : loaded 2 times (x 75B)
Class ai.grazie.nlp.patterns.standard.LikelyPatterns$IsCompositeInflection$1$1        : loaded 2 times (x 91B)
Class ai.grazie.nlp.langs.Language$Companion                                          : loaded 2 times (x 67B)
Class com.google.gson.internal.bind.DefaultDateTypeAdapter                            : loaded 2 times (x 70B)
Class com.google.gson.GsonBuilder                                                     : loaded 2 times (x 68B)
Class com.github.benmanes.caffeine.cache.DisabledScheduler                            : loaded 2 times (x 78B)
Class kotlin.collections.builders.ListBuilder$Companion                               : loaded 2 times (x 67B)
Class kotlin.collections.builders.ListBuilder                                         : loaded 2 times (x 203B)
Class kotlin.collections.CollectionsKt__IteratorsJVMKt                                : loaded 2 times (x 67B)
Class com.google.gson.internal.Primitives                                             : loaded 2 times (x 67B)
Class com.google.gson.stream.JsonWriter                                               : loaded 2 times (x 93B)
Class ai.grazie.nlp.patterns.Pattern$Exclusion                                        : loaded 2 times (x 89B)
Class ai.grazie.nlp.patterns.standard.LikelyPatterns$ChatTextEmoji$1                  : loaded 2 times (x 91B)
Class ai.grazie.nlp.patterns.standard.LikelyPatterns$IsMention$1$1                    : loaded 2 times (x 91B)
Class com.google.gson.internal.bind.TypeAdapterRuntimeTypeWrapper                     : loaded 2 times (x 70B)
Class ai.grazie.nlp.tokenizer.Tokenizer$Keys                                          : loaded 2 times (x 67B)
Class com.github.benmanes.caffeine.cache.BoundedLocalCache$UpdateTask                 : loaded 2 times (x 71B)
Class com.github.benmanes.caffeine.cache.Cache                                        : loaded 2 times (x 66B)
Class kotlin.collections.CollectionsKt__MutableCollectionsKt                          : loaded 2 times (x 67B)
Class com.google.gson.Gson$FutureTypeAdapter                                          : loaded 2 times (x 71B)
Class com.google.gson.internal.bind.MapTypeAdapterFactory$Adapter                     : loaded 2 times (x 70B)
Class com.google.gson.internal.sql.SqlTimeTypeAdapter$1                               : loaded 2 times (x 71B)
Class com.github.benmanes.caffeine.cache.PS                                           : loaded 2 times (x 145B)
Class ai.grazie.text.Text                                                             : loaded 2 times (x 81B)
Class ai.grazie.DataHolder                                                            : loaded 2 times (x 68B)
Class com.github.benmanes.caffeine.cache.MpscChunkedArrayQueueColdProducerFields      : loaded 2 times (x 149B)
Class com.github.benmanes.caffeine.cache.NodeFactory                                  : loaded 2 times (x 66B)
Class ai.grazie.nlp.patterns.standard.LikelyPatterns$Chemical$1$1                     : loaded 2 times (x 91B)
Class com.google.gson.internal.bind.DefaultDateTypeAdapter$DateType                   : loaded 2 times (x 69B)
Class com.github.benmanes.caffeine.cache.Weigher                                      : loaded 2 times (x 66B)
Class ai.grazie.nlp.tokenizer.Tokenizer                                               : loaded 2 times (x 66B)
Class com.google.gson.internal.bind.ReflectiveTypeAdapterFactory$1                    : loaded 2 times (x 73B)
Class [Lcom.github.benmanes.caffeine.cache.SingletonWeigher;                          : loaded 2 times (x 65B)
Class com.github.benmanes.caffeine.cache.SingletonWeigher                             : loaded 2 times (x 78B)
Class com.github.benmanes.caffeine.cache.WriteOrderDeque$WriteOrder                   : loaded 2 times (x 66B)
Class ai.grazie.nlp.patterns.ext.AbbreviationPatterns                                 : loaded 2 times (x 67B)
Class ai.grazie.utils.CollectionsKt                                                   : loaded 2 times (x 67B)
Class [Lcom.github.benmanes.caffeine.cache.DisabledScheduler;                         : loaded 2 times (x 65B)
Class kotlin.collections.EmptyList                                                    : loaded 2 times (x 170B)
Class ai.grazie.nlp.utils.Symbols                                                     : loaded 2 times (x 67B)
Class ai.grazie.nlp.patterns.ext.AbbreviationPatterns$MatchingParameters              : loaded 2 times (x 67B)
Class ai.grazie.nlp.patterns.standard.LikelyPatterns$ChainedName$1$1                  : loaded 2 times (x 91B)
Class ai.grazie.nlp.patterns.standard.LikelyPatterns$CommandLineOption$1              : loaded 2 times (x 91B)
Class org.eclipse.lsp4j.DynamicRegistrationCapabilities                               : loaded 2 times (x 70B)
Class com.google.gson.ToNumberStrategy                                                : loaded 2 times (x 66B)
Class com.google.gson.TypeAdapter                                                     : loaded 2 times (x 69B)
Class com.github.benmanes.caffeine.cache.AccessOrderDeque$AccessOrder                 : loaded 2 times (x 66B)
Class kotlin.collections.builders.ListBuilderKt                                       : loaded 2 times (x 67B)
Class ai.grazie.nlp.patterns.standard.LikelyPatterns$IsURL$1                          : loaded 2 times (x 89B)
Class kotlin.ResultKt                                                                 : loaded 2 times (x 67B)
Class ai.grazie.utils.mpp.TextRegex                                                   : loaded 2 times (x 67B)
Class com.github.benmanes.caffeine.cache.Node                                         : loaded 2 times (x 130B)
Class ai.grazie.utils.mpp.Platform                                                    : loaded 2 times (x 75B)
Class ai.grazie.nlp.patterns.Pattern$After                                            : loaded 2 times (x 89B)
Class ai.grazie.nlp.langs.alphabet.Alphabet$Companion                                 : loaded 2 times (x 67B)
Class com.google.gson.internal.ObjectConstructor                                      : loaded 2 times (x 66B)
Class ai.grazie.nlp.patterns.standard.LikelyPatterns$IsCommitHash$1                   : loaded 2 times (x 91B)
Class ai.grazie.nlp.patterns.ext.AbbreviationPatterns$All$1                           : loaded 2 times (x 91B)
Class com.google.gson.stream.JsonReader$1                                             : loaded 2 times (x 68B)
Class [Lcom.github.benmanes.caffeine.cache.Weigher;                                   : loaded 2 times (x 65B)
Class ai.grazie.nlp.patterns.standard.LikelyPatterns                                  : loaded 2 times (x 67B)
Class [Lcom.google.gson.ToNumberPolicy;                                               : loaded 2 times (x 65B)
Class com.google.gson.ToNumberPolicy                                                  : loaded 2 times (x 79B)
Class ai.grazie.nlp.patterns.standard.StrictPatterns                                  : loaded 2 times (x 67B)
Class ai.grazie.nlp.patterns.AhoCorasickPattern$TrieNode                              : loaded 2 times (x 68B)
Class [Lcom.github.benmanes.caffeine.cache.stats.StatsCounter;                        : loaded 2 times (x 65B)
Class com.github.benmanes.caffeine.cache.BaseMpscLinkedArrayQueueProducerFields       : loaded 2 times (x 138B)
Class com.github.benmanes.caffeine.cache.References$WeakKeyReference                  : loaded 2 times (x 82B)
Class ai.grazie.nlp.tokenizer.NonDestructiveTokenizer                                 : loaded 2 times (x 66B)
Class ai.grazie.nlp.patterns.ext.AbbreviationPatterns$Ukrainian$1$1                   : loaded 2 times (x 91B)
Class com.github.benmanes.caffeine.cache.SystemTicker                                 : loaded 2 times (x 78B)
Class com.github.benmanes.caffeine.cache.AbstractLinkedDeque                          : loaded 2 times (x 282B)
Class com.github.benmanes.caffeine.cache.LocalManualCache                             : loaded 2 times (x 66B)
Class ai.grazie.nlp.patterns.AhoCorasickPattern$AhoCorasickBuilder                    : loaded 2 times (x 68B)
Class com.google.gson.internal.bind.ArrayTypeAdapter$1                                : loaded 2 times (x 71B)
Class com.google.gson.internal.bind.JsonTreeWriter                                    : loaded 2 times (x 93B)
Class ai.grazie.nlp.langs.alphabet.Alphabet$Group$1                                   : loaded 2 times (x 74B)
Class ai.grazie.nlp.patterns.Pattern$Before                                           : loaded 2 times (x 92B)
Class ai.grazie.nlp.langs.alphabet.Alphabet$Group$2                                   : loaded 2 times (x 74B)
Class com.google.gson.internal.JsonReaderInternalAccess                               : loaded 2 times (x 68B)
Class [Lcom.github.benmanes.caffeine.cache.Buffer;                                    : loaded 2 times (x 65B)
Class ai.grazie.nlp.langs.alphabet.Alphabet$Group$3                                   : loaded 2 times (x 74B)
Class com.google.gson.internal.bind.ReflectiveTypeAdapterFactory                      : loaded 2 times (x 71B)
Class com.google.gson.internal.sql.SqlTimestampTypeAdapter                            : loaded 2 times (x 72B)
Class com.github.benmanes.caffeine.cache.BaseMpscLinkedArrayQueue                     : loaded 2 times (x 149B)
Class ai.grazie.DataHolder$Key                                                        : loaded 2 times (x 67B)
Class ai.grazie.nlp.langs.alphabet.Alphabet$Group$4                                   : loaded 2 times (x 74B)
Class [Lcom.github.benmanes.caffeine.cache.WriteOrderDeque$WriteOrder;                : loaded 2 times (x 65B)
Class [Lcom.github.benmanes.caffeine.cache.DisabledTicker;                            : loaded 2 times (x 65B)
Class com.google.gson.internal.bind.ObjectTypeAdapter$1                               : loaded 2 times (x 72B)
Class com.google.gson.internal.sql.SqlDateTypeAdapter$1                               : loaded 2 times (x 71B)
Class com.github.benmanes.caffeine.cache.PSA                                          : loaded 2 times (x 146B)
Class kotlin.UninitializedPropertyAccessException                                     : loaded 2 times (x 78B)
Class ai.grazie.nlp.patterns.standard.LikelyPatterns$IsIBAN$1$1                       : loaded 2 times (x 91B)
Class ai.grazie.nlp.patterns.LambdaMatchPattern                                       : loaded 2 times (x 71B)
Class [Lai.grazie.nlp.patterns.Pattern;                                               : loaded 2 times (x 65B)
Class ai.grazie.nlp.langs.alphabet.Alphabet$Group$5                                   : loaded 2 times (x 74B)
Class ai.grazie.nlp.langs.LanguageISO$Companion$1                                     : loaded 2 times (x 74B)
Class ai.grazie.nlp.langs.alphabet.Alphabet$Group$6                                   : loaded 2 times (x 74B)
Class com.google.gson.internal.bind.ReflectiveTypeAdapterFactory$Adapter              : loaded 2 times (x 70B)
Class com.google.gson.internal.bind.TypeAdapters$10                                   : loaded 2 times (x 71B)
Class ai.grazie.nlp.patterns.Pattern$beforeWordBoundary$1                             : loaded 2 times (x 92B)
Class ai.grazie.nlp.langs.alphabet.Alphabet$Group$7                                   : loaded 2 times (x 74B)
Class com.google.gson.internal.bind.TypeAdapters$11                                   : loaded 2 times (x 71B)
Class [Lcom.google.gson.FieldNamingPolicy;                                            : loaded 2 times (x 65B)
Class com.github.benmanes.caffeine.cache.CacheLoader                                  : loaded 2 times (x 66B)
Class com.github.benmanes.caffeine.cache.AsyncCacheLoader                             : loaded 2 times (x 66B)
Class com.intellij.ml.inline.completion.js.utils.JSDialectImportFixer                 : loaded 2 times (x 74B)
Class ai.grazie.nlp.langs.Language$Companion$all$2                                    : loaded 2 times (x 74B)
Class ai.grazie.nlp.langs.alphabet.Alphabet$Group$8                                   : loaded 2 times (x 74B)
Class com.google.gson.internal.bind.TypeAdapters$12                                   : loaded 2 times (x 71B)
Class [Lcom.google.gson.ToNumberStrategy;                                             : loaded 2 times (x 65B)
Class com.github.benmanes.caffeine.cache.Ticker                                       : loaded 2 times (x 66B)
Class com.github.benmanes.caffeine.cache.SSMS                                         : loaded 2 times (x 310B)
Class com.github.benmanes.caffeine.cache.BoundedLocalCache$BoundedLocalManualCache    : loaded 2 times (x 120B)
Class kotlin.coroutines.intrinsics.IntrinsicsKt__IntrinsicsKt                         : loaded 2 times (x 67B)
Class ai.grazie.utils.mpp.Platform$Companion                                          : loaded 2 times (x 67B)
Class com.google.gson.internal.bind.TypeAdapters$13                                   : loaded 2 times (x 71B)
Class com.github.benmanes.caffeine.cache.SSW                                          : loaded 2 times (x 310B)
Class kotlin.collections.CollectionsKt__CollectionsJVMKt                              : loaded 2 times (x 67B)
Class com.google.gson.internal.bind.NumberTypeAdapter$1                               : loaded 2 times (x 72B)
Class com.google.gson.internal.bind.TypeAdapters$1                                    : loaded 2 times (x 71B)
Class com.google.gson.internal.bind.TypeAdapters$14                                   : loaded 2 times (x 71B)
Class com.github.benmanes.caffeine.cache.FrequencySketch                              : loaded 2 times (x 68B)
Class com.github.benmanes.caffeine.cache.Buffer                                       : loaded 2 times (x 66B)
Class kotlin.collections.CollectionsKt__IteratorsKt                                   : loaded 2 times (x 67B)
Class com.google.gson.internal.bind.TypeAdapters$2                                    : loaded 2 times (x 71B)
Class com.google.gson.internal.bind.TypeAdapters$15                                   : loaded 2 times (x 71B)
Class com.google.gson.internal.sql.SqlTypesSupport$1                                  : loaded 2 times (x 70B)
Class ai.grazie.nlp.langs.LanguageISO                                                 : loaded 2 times (x 75B)
Class com.google.gson.internal.bind.TypeAdapters$16                                   : loaded 2 times (x 71B)
Class com.google.gson.internal.bind.TypeAdapters$3                                    : loaded 2 times (x 71B)
Class com.google.gson.internal.sql.SqlTypesSupport$2                                  : loaded 2 times (x 70B)
Class com.github.benmanes.caffeine.cache.AccessOrderDeque                             : loaded 2 times (x 282B)
Class com.github.benmanes.caffeine.cache.References$InternalReference                 : loaded 2 times (x 66B)
Class com.github.benmanes.caffeine.cache.LoadingCache                                 : loaded 2 times (x 66B)
Class kotlin.LazyKt__LazyJVMKt                                                        : loaded 2 times (x 67B)
Class ai.grazie.nlp.patterns.ext.AbbreviationPatterns$UpperCaseSequence$1             : loaded 2 times (x 91B)
Class [Lai.grazie.nlp.patterns.AhoCorasickPattern$AhoCorasickBuilder$AutomataBuilderNode;: loaded 2 times (x 65B)
Class com.google.gson.internal.bind.TypeAdapters$17                                   : loaded 2 times (x 71B)
Class com.google.gson.internal.bind.TypeAdapters$4                                    : loaded 2 times (x 71B)
Class kotlin.jvm.internal.markers.KMutableList                                        : loaded 2 times (x 66B)
Class ai.grazie.nlp.utils.CharUtils                                                   : loaded 2 times (x 67B)
Class com.github.benmanes.caffeine.cache.BBHeader$ReadAndWriteCounterRef              : loaded 2 times (x 70B)
Class com.google.gson.annotations.JsonAdapter                                         : loaded 2 times (x 66B)
Class com.google.gson.internal.bind.TypeAdapters$18                                   : loaded 2 times (x 71B)
Class com.google.gson.internal.bind.TypeAdapters$5                                    : loaded 2 times (x 71B)
Class ai.grazie.nlp.patterns.standard.LikelyPatterns$IsRebusAbbreviation$1            : loaded 2 times (x 91B)
Class com.google.gson.internal.bind.TypeAdapters$19                                   : loaded 2 times (x 71B)
Class com.google.gson.internal.bind.TypeAdapters$6                                    : loaded 2 times (x 71B)
Class com.github.benmanes.caffeine.cache.BLCHeader$PadDrainStatus                     : loaded 2 times (x 118B)
Class ai.grazie.nlp.patterns.standard.LikelyPatterns$IsFilePath$1$1                   : loaded 2 times (x 91B)
Class com.google.gson.annotations.SerializedName                                      : loaded 2 times (x 66B)
Class com.google.gson.internal.bind.TypeAdapters$7                                    : loaded 2 times (x 71B)
Class com.google.gson.internal.bind.CollectionTypeAdapterFactory$Adapter              : loaded 2 times (x 70B)
Class com.google.gson.internal.bind.TypeAdapters$8                                    : loaded 2 times (x 71B)
Class com.github.benmanes.caffeine.cache.SSMSA                                        : loaded 2 times (x 311B)
Class com.github.benmanes.caffeine.cache.BaseMpscLinkedArrayQueuePad1                 : loaded 2 times (x 138B)
Class com.github.benmanes.caffeine.cache.BLCHeader$DrainStatusRef                     : loaded 2 times (x 122B)
Class com.github.benmanes.caffeine.cache.stats.ConcurrentStatsCounter                 : loaded 2 times (x 78B)
Class org.eclipse.lsp4j.SemanticTokensCapabilities                                    : loaded 2 times (x 82B)
Class com.google.gson.internal.bind.TypeAdapters$9                                    : loaded 2 times (x 71B)
Class com.github.benmanes.caffeine.cache.BaseMpscLinkedArrayQueuePad2                 : loaded 2 times (x 138B)
Class com.github.benmanes.caffeine.cache.stats.StatsCounter                           : loaded 2 times (x 66B)
Class ai.grazie.nlp.patterns.standard.LikelyPatterns$IsEncodedBinary$1                : loaded 2 times (x 74B)
Class com.google.gson.JsonParseException                                              : loaded 2 times (x 78B)
Class com.github.benmanes.caffeine.cache.BaseMpscLinkedArrayQueuePad3                 : loaded 2 times (x 139B)
Class ai.grazie.nlp.langs.alphabet.RegexAlphabet                                      : loaded 2 times (x 72B)
Class ai.grazie.nlp.patterns.ext.AbbreviationPatterns$AbbreviationPattern             : loaded 2 times (x 90B)
Class com.github.benmanes.caffeine.cache.BBHeader$PadWriteCounter                     : loaded 2 times (x 68B)
Class com.google.gson.internal.sql.SqlDateTypeAdapter                                 : loaded 2 times (x 70B)
Class com.github.benmanes.caffeine.cache.MpscChunkedArrayQueue                        : loaded 2 times (x 149B)
Class ai.grazie.nlp.patterns.AggregatedPattern                                        : loaded 2 times (x 91B)
Class ai.grazie.nlp.patterns.ext.AbbreviationPatterns$latinSIUnits$1                  : loaded 2 times (x 91B)
Class ai.grazie.utils.mpp.PlatformKt$WhenMappings                                     : loaded 2 times (x 67B)
Class ai.grazie.nlp.patterns.standard.LikelyPatterns$IsEmail$1$1                      : loaded 2 times (x 91B)
Class kotlin.SynchronizedLazyImpl                                                     : loaded 2 times (x 72B)
Class kotlin.collections.EmptyIterator                                                : loaded 2 times (x 85B)
Class com.google.gson.JsonIOException                                                 : loaded 2 times (x 78B)
Class com.google.gson.internal.$Gson$Types                                            : loaded 2 times (x 67B)
Class com.github.benmanes.caffeine.cache.LinkedDeque$PeekingIterator                  : loaded 2 times (x 66B)
Class com.github.benmanes.caffeine.cache.PSW                                          : loaded 2 times (x 146B)
Class ai.grazie.nlp.patterns.Pattern$before$1                                         : loaded 2 times (x 92B)
Class ai.grazie.utils.CollectionFactory                                               : loaded 2 times (x 67B)
Class ai.grazie.utils.mpp.Resources                                                   : loaded 2 times (x 67B)
Class ai.grazie.utils.mpp.StreamDataLoader                                            : loaded 2 times (x 66B)
Class kotlin.LazyKt__LazyKt                                                           : loaded 2 times (x 67B)
Class dk.brics.automaton.Transition                                                   : loaded 2 times (x 73B)
Class dk.brics.automaton.RunAutomaton                                                 : loaded 2 times (x 79B)
Class ai.grazie.nlp.patterns.standard.LikelyPatterns$GeneratedId$1                    : loaded 2 times (x 91B)
Class ai.grazie.nlp.langs.alphabet.Alphabet$Group$Companion                           : loaded 2 times (x 67B)
Class [Lcom.google.gson.stream.JsonToken;                                             : loaded 2 times (x 65B)
Class com.google.gson.LongSerializationPolicy$1                                       : loaded 2 times (x 76B)
Class kotlin.UNINITIALIZED_VALUE                                                      : loaded 2 times (x 67B)
Class ai.grazie.nlp.patterns.Pattern$Companion                                        : loaded 2 times (x 67B)
Class org.apache.commons.lang3.exception.CloneFailedException                         : loaded 2 times (x 78B)
Class com.google.gson.LongSerializationPolicy$2                                       : loaded 2 times (x 76B)
Class com.github.benmanes.caffeine.cache.Expiry                                       : loaded 2 times (x 66B)
Class ai.grazie.nlp.patterns.standard.StrictPatterns$IsNumber$1                       : loaded 2 times (x 74B)
Class ai.grazie.nlp.patterns.ext.AbbreviationPatterns$Russian$1$1                     : loaded 2 times (x 91B)
Class com.google.gson.reflect.TypeToken                                               : loaded 2 times (x 71B)
Class ai.grazie.nlp.patterns.standard.LikelyPatterns$IsGermanNumeral$1                : loaded 2 times (x 91B)
Class com.google.gson.internal.sql.SqlTimestampTypeAdapter$1                          : loaded 2 times (x 71B)
Class com.google.gson.JsonPrimitive                                                   : loaded 2 times (x 89B)
Class kotlin.collections.CollectionsKt___CollectionsJvmKt                             : loaded 2 times (x 67B)
Class ai.grazie.nlp.patterns.standard.LikelyPatterns$IsExcelFormula$1                 : loaded 2 times (x 91B)
Class [Lai.grazie.nlp.langs.Language;                                                 : loaded 2 times (x 65B)
Class ai.grazie.nlp.langs.alphabet.Alphabet                                           : loaded 2 times (x 72B)
Class com.github.benmanes.caffeine.cache.BoundedBuffer$RingBuffer                     : loaded 2 times (x 79B)
Class com.google.gson.JsonElement                                                     : loaded 2 times (x 88B)
Class kotlin.jvm.internal.markers.KMutableIterable                                    : loaded 2 times (x 66B)
Class kotlin.TuplesKt                                                                 : loaded 2 times (x 67B)
Class [Ldk.brics.automaton.Transition;                                                : loaded 2 times (x 65B)
Class ai.grazie.nlp.patterns.Pattern$afterWordBoundary$1                              : loaded 2 times (x 89B)
Class com.google.gson.internal.bind.CollectionTypeAdapterFactory                      : loaded 2 times (x 71B)
Class com.github.benmanes.caffeine.cache.PSMS                                         : loaded 2 times (x 146B)
Class ai.grazie.nlp.patterns.ext.AbbreviationPatterns$AbbreviationPattern$delegate$lambda$9$$inlined$sortedBy$1: loaded 2 times (x 85B)
Class com.google.gson.internal.bind.TreeTypeAdapter                                   : loaded 2 times (x 70B)
Class com.google.gson.internal.sql.SqlTimeTypeAdapter                                 : loaded 2 times (x 70B)
Class kotlin.collections.AbstractMutableList                                          : loaded 2 times (x 202B)
Class dk.brics.automaton.BasicAutomata                                                : loaded 2 times (x 67B)
Class com.google.gson.internal.bind.TypeAdapters$20                                   : loaded 2 times (x 71B)
Class com.github.benmanes.caffeine.cache.LocalCacheFactory                            : loaded 2 times (x 67B)
Class dk.brics.automaton.TransitionComparator                                         : loaded 2 times (x 87B)
Class org.apache.commons.lang3.ObjectUtils$Null                                       : loaded 2 times (x 67B)
Class com.google.gson.stream.JsonToken                                                : loaded 2 times (x 75B)
Class com.google.gson.internal.bind.TypeAdapters$21                                   : loaded 2 times (x 71B)
Class com.google.gson.FieldNamingPolicy$1                                             : loaded 2 times (x 79B)
Class com.github.benmanes.caffeine.cache.BoundedLocalCache                            : loaded 2 times (x 309B)
Class com.github.benmanes.caffeine.cache.RemovalListener                              : loaded 2 times (x 66B)
Class dk.brics.automaton.Automaton                                                    : loaded 2 times (x 130B)
Class ai.grazie.text.TextRange                                                        : loaded 2 times (x 67B)
Class ai.grazie.utils.mpp.DataLoader                                                  : loaded 2 times (x 66B)
Class com.google.gson.internal.bind.TypeAdapters$22                                   : loaded 2 times (x 71B)
Class com.google.gson.FieldNamingPolicy$2                                             : loaded 2 times (x 79B)
Class com.google.gson.internal.Excluder$1                                             : loaded 2 times (x 70B)
Class kotlin.annotation.Target                                                        : loaded 2 times (x 66B)
Class kotlin.collections.CollectionsKt___CollectionsKt                                : loaded 2 times (x 67B)
Class dk.brics.automaton.State                                                        : loaded 2 times (x 82B)
Class com.github.benmanes.caffeine.cache.RemovalCause$1                               : loaded 2 times (x 76B)
Class com.google.gson.internal.bind.TypeAdapters$23                                   : loaded 2 times (x 71B)
Class com.google.gson.FieldNamingPolicy$3                                             : loaded 2 times (x 79B)
Class kotlin.annotation.Retention                                                     : loaded 2 times (x 66B)
Class ai.grazie.utils.mpp.RootStreamDataLoader                                        : loaded 2 times (x 66B)
Class com.github.benmanes.caffeine.cache.RemovalCause$2                               : loaded 2 times (x 76B)
Class com.google.gson.internal.bind.TypeAdapters$24                                   : loaded 2 times (x 71B)
Class com.google.gson.FieldNamingPolicy$4                                             : loaded 2 times (x 79B)
Class [Lcom.github.benmanes.caffeine.cache.Scheduler;                                 : loaded 2 times (x 65B)
Class com.github.benmanes.caffeine.cache.Scheduler                                    : loaded 2 times (x 66B)
Class ai.grazie.nlp.patterns.standard.StrictPatterns$HasNumber$1                      : loaded 2 times (x 74B)
Class com.github.benmanes.caffeine.cache.RemovalCause$3                               : loaded 2 times (x 76B)
Class com.github.benmanes.caffeine.cache.BBHeader$ReadCounterRef                      : loaded 2 times (x 68B)
Class com.google.gson.internal.bind.TypeAdapters$25                                   : loaded 2 times (x 71B)
Class com.google.gson.FieldNamingPolicy$5                                             : loaded 2 times (x 79B)
Class ai.grazie.nlp.utils.normalization.Normalizer                                    : loaded 2 times (x 66B)
Class com.github.benmanes.caffeine.cache.RemovalCause$4                               : loaded 2 times (x 76B)
Class com.google.gson.internal.bind.ArrayTypeAdapter                                  : loaded 2 times (x 70B)
Class com.google.gson.internal.bind.TypeAdapters$26                                   : loaded 2 times (x 71B)
Class com.google.gson.FieldNamingPolicy$6                                             : loaded 2 times (x 79B)
Class kotlin.collections.CollectionsKt__MutableCollectionsJVMKt                       : loaded 2 times (x 67B)
Class com.github.benmanes.caffeine.cache.RemovalCause$5                               : loaded 2 times (x 76B)
Class com.github.benmanes.caffeine.cache.DisabledTicker                               : loaded 2 times (x 78B)
Class com.google.gson.internal.bind.TypeAdapters$27                                   : loaded 2 times (x 71B)
Class dk.brics.automaton.BasicOperations                                              : loaded 2 times (x 67B)
Class org.apache.commons.lang3.ArrayUtils                                             : loaded 2 times (x 67B)
Class [Lcom.google.gson.LongSerializationPolicy;                                      : loaded 2 times (x 65B)
Class [Lcom.github.benmanes.caffeine.cache.SystemTicker;                              : loaded 2 times (x 65B)
Class kotlin.jvm.internal.markers.KMutableCollection                                  : loaded 2 times (x 66B)
Class kotlin.coroutines.intrinsics.IntrinsicsKt                                       : loaded 2 times (x 67B)
Class kotlin.jvm.internal.Intrinsics                                                  : loaded 2 times (x 67B)
Class ai.grazie.nlp.patterns.standard.LikelyPatterns$NameInitials$1                   : loaded 2 times (x 91B)
Class ai.grazie.utils.mpp.PlatformKt                                                  : loaded 2 times (x 67B)
Class ai.grazie.utils.mpp.DataLoader$Path                                             : loaded 2 times (x 68B)
Class org.eclipse.lsp4j.HoverCapabilities                                             : loaded 2 times (x 72B)
Class com.google.gson.internal.bind.MapTypeAdapterFactory                             : loaded 2 times (x 71B)
Class com.google.gson.JsonNull                                                        : loaded 2 times (x 88B)
Class com.github.benmanes.caffeine.cache.DisabledBuffer                               : loaded 2 times (x 82B)
Class kotlin.collections.CollectionsKt__IterablesKt                                   : loaded 2 times (x 67B)
Class ai.grazie.nlp.patterns.standard.LikelyPatterns$TicketName$1                     : loaded 2 times (x 91B)
Class ai.grazie.nlp.patterns.standard.LikelyPatterns$IsOrdinalNumeral$1               : loaded 2 times (x 91B)
Class kotlin.KotlinNullPointerException                                               : loaded 2 times (x 79B)
Class com.intellij.ml.inline.completion.js.correctness.JSDialectSuggestionEnricherBase: loaded 2 times (x 73B)
Class com.google.gson.internal.bind.DefaultDateTypeAdapter$DateType$1                 : loaded 2 times (x 69B)
Class ai.grazie.nlp.patterns.standard.LikelyPatterns$PunctuationOperator$1$1          : loaded 2 times (x 91B)
Class org.apache.commons.lang3.ObjectUtils                                            : loaded 2 times (x 67B)
Class com.google.gson.internal.LazilyParsedNumber                                     : loaded 2 times (x 74B)
Class ai.grazie.nlp.tokenizer.sequence.CharSequenceTokenizer                          : loaded 2 times (x 66B)
Class ai.grazie.utils.mpp.FromResourcesDataLoader                                     : loaded 2 times (x 91B)
Class com.google.gson.stream.JsonReader                                               : loaded 2 times (x 92B)
Class [Lcom.github.benmanes.caffeine.cache.DisabledBuffer;                            : loaded 2 times (x 65B)
Class com.github.benmanes.caffeine.cache.BaseMpscLinkedArrayQueueColdProducerFields   : loaded 2 times (x 140B)
Class kotlin.LazyKt                                                                   : loaded 2 times (x 67B)
Class com.github.benmanes.caffeine.cache.Caffeine                                     : loaded 2 times (x 68B)
Class ai.grazie.nlp.patterns.RegexPattern                                             : loaded 2 times (x 91B)
Class com.google.gson.internal.bind.JsonAdapterAnnotationTypeAdapterFactory           : loaded 2 times (x 71B)
Class ai.grazie.nlp.patterns.ext.AbbreviationPatterns$AbbreviationPattern$delegate$1$2: loaded 2 times (x 75B)
Class com.google.gson.internal.bind.NumberTypeAdapter                                 : loaded 2 times (x 70B)
Class kotlin.NoWhenBranchMatchedException                                             : loaded 2 times (x 78B)
Class ai.grazie.nlp.patterns.ext.AbbreviationPatterns$AbbreviationPattern$delegate$1$3: loaded 2 times (x 92B)
Class com.github.benmanes.caffeine.cache.PSAMS                                        : loaded 2 times (x 146B)
Class [Lcom.github.benmanes.caffeine.cache.stats.DisabledStatsCounter;                : loaded 2 times (x 65B)
Class com.google.gson.ToNumberPolicy$1                                                : loaded 2 times (x 79B)
Class [Lcom.google.gson.FieldNamingStrategy;                                          : loaded 2 times (x 65B)
Class com.google.gson.internal.Excluder                                               : loaded 2 times (x 71B)
Class com.github.benmanes.caffeine.cache.MpscGrowableArrayQueue                       : loaded 2 times (x 149B)
Class com.google.gson.ToNumberPolicy$2                                                : loaded 2 times (x 79B)
Class ai.grazie.nlp.patterns.ext.AbbreviationPatterns$tokenizerRelevantPattern$1      : loaded 2 times (x 91B)
Class ai.grazie.nlp.patterns.standard.LikelyPatterns$FunctionName$1$1                 : loaded 2 times (x 91B)
Class [Lcom.github.benmanes.caffeine.cache.Node;                                      : loaded 2 times (x 65B)
Class com.google.gson.ToNumberPolicy$3                                                : loaded 2 times (x 79B)
Class [Lcom.github.benmanes.caffeine.cache.Ticker;                                    : loaded 2 times (x 65B)
Class kotlin.jvm.internal.markers.KMappedMarker                                       : loaded 2 times (x 66B)
Class ai.grazie.nlp.tokenizer.Tokenizer$Token                                         : loaded 2 times (x 68B)
Class ai.grazie.nlp.patterns.standard.LikelyPatterns$IsGreekMetricCombination$1       : loaded 2 times (x 91B)
Class ai.grazie.nlp.patterns.AhoCorasickPattern$AhoCorasickBuilder$AutomataBuilderNode: loaded 2 times (x 68B)
Class com.google.gson.ToNumberPolicy$4                                                : loaded 2 times (x 79B)
Class com.github.benmanes.caffeine.cache.LocalCache                                   : loaded 2 times (x 66B)
Class ai.grazie.nlp.langs.alphabet.SetBasedAlphabet                                   : loaded 2 times (x 72B)
Class com.google.gson.Gson                                                            : loaded 2 times (x 68B)
Class com.google.gson.internal.sql.SqlTypesSupport                                    : loaded 2 times (x 67B)
Class ai.grazie.nlp.patterns.standard.LikelyPatterns$IsIPv4$1                         : loaded 2 times (x 91B)
Class com.google.gson.internal.UnsafeAllocator                                        : loaded 2 times (x 68B)
Class com.google.gson.Gson$1                                                          : loaded 2 times (x 72B)
Class com.github.benmanes.caffeine.cache.BoundedBuffer                                : loaded 2 times (x 81B)
Class kotlin.coroutines.intrinsics.IntrinsicsKt__IntrinsicsJvmKt                      : loaded 2 times (x 67B)
Class com.github.benmanes.caffeine.cache.BBHeader$PadReadCounter                      : loaded 2 times (x 67B)
Class com.google.gson.internal.UnsafeAllocator$1                                      : loaded 2 times (x 69B)
Class com.google.gson.Gson$2                                                          : loaded 2 times (x 72B)
Class kotlin.collections.CollectionsKt                                                : loaded 2 times (x 67B)
Class [Lai.grazie.utils.mpp.Platform;                                                 : loaded 2 times (x 65B)
Class ai.grazie.nlp.langs.Language                                                    : loaded 2 times (x 75B)
Class com.google.gson.internal.UnsafeAllocator$2                                      : loaded 2 times (x 69B)
Class com.google.gson.internal.bind.ReflectiveTypeAdapterFactory$BoundField           : loaded 2 times (x 71B)
Class com.google.gson.Gson$3                                                          : loaded 2 times (x 71B)
Class com.github.benmanes.caffeine.cache.StripedBuffer                                : loaded 2 times (x 81B)
Class ai.grazie.DataHolder$data$2                                                     : loaded 2 times (x 74B)
Class ai.grazie.nlp.patterns.AhoCorasickPattern                                       : loaded 2 times (x 92B)
Class com.google.gson.internal.UnsafeAllocator$3                                      : loaded 2 times (x 69B)
Class com.google.gson.Gson$4                                                          : loaded 2 times (x 72B)
Class com.google.gson.internal.ConstructorConstructor                                 : loaded 2 times (x 68B)
Class com.github.benmanes.caffeine.cache.RemovalCause                                 : loaded 2 times (x 76B)
Class com.google.gson.internal.UnsafeAllocator$4                                      : loaded 2 times (x 68B)
Class com.google.gson.Gson$5                                                          : loaded 2 times (x 72B)

---------------  S Y S T E M  ---------------

OS:
 Windows 11 , 64 bit Build 26100 (10.0.26100.7309)
OS uptime: 17 days 2:32 hours

CPU: total 8 (initial active 8) (4 cores per cpu, 2 threads per core) family 6 model 165 stepping 2 microcode 0xe0, cx8, cmov, fxsr, ht, mmx, 3dnowpref, sse, sse2, sse3, ssse3, sse4.1, sse4.2, popcnt, lzcnt, tsc, tscinvbit, avx, avx2, aes, erms, clmul, bmi1, bmi2, adx, fma, vzeroupper, clflush, clflushopt, rdtscp, f16c, pku
Processor Information for the first 8 processors :
  Max Mhz: 2496, Current Mhz: 2496, Mhz Limit: 2496

Memory: 4k page, system-wide physical 16257M (5793M free)
TotalPageFile size 31617M (AvailPageFile size 9M)
current process WorkingSet (physical memory assigned to process): 431M, peak: 2467M
current process commit charge ("private bytes"): 2458M, peak: 2739M

vm_info: OpenJDK 64-Bit Server VM (21.0.6+9-b895.109) for windows-amd64 JRE (21.0.6+9-b895.109), built on 2025-03-26 by "builduser" with MS VC++ 16.10 / 16.11 (VS2019)

END.
